"時点","地域コード","地域","日本人人口（総数）【人】","注記"
"1995年10月","00000","全国","124298947","総務省統計局「国勢調査」による。"
"1995年11月","00000","全国","124468000",""
"1995年12月","00000","全国","124500000",""
"1996年1月","00000","全国","124409000",""
"1996年2月","00000","全国","124494000",""
"1996年3月","00000","全国","124460000",""
"1996年4月","00000","全国","124508000",""
"1996年5月","00000","全国","124492000",""
"1996年6月","00000","全国","124572000",""
"1996年7月","00000","全国","124614000",""
"1996年8月","00000","全国","124543000",""
"1996年9月","00000","全国","124601000",""
"1996年10月","00000","全国","124708000",""
"1996年11月","00000","全国","124731000",""
"1996年12月","00000","全国","124776000",""
"1997年1月","00000","全国","124641000",""
"1997年2月","00000","全国","124759000",""
"1997年3月","00000","全国","124708000",""
"1997年4月","00000","全国","124790000",""
"1997年5月","00000","全国","124797000",""
"1997年6月","00000","全国","124832000",""
"1997年7月","00000","全国","124879000",""
"1997年8月","00000","全国","124819000",""
"1997年9月","00000","全国","124885000",""
"1997年10月","00000","全国","124961000",""
"1997年11月","00000","全国","124988000",""
"1997年12月","00000","全国","125051000",""
"1998年1月","00000","全国","124950000",""
"1998年2月","00000","全国","125116000",""
"1998年3月","00000","全国","125012000",""
"1998年4月","00000","全国","125079000",""
"1998年5月","00000","全国","125091000",""
"1998年6月","00000","全国","125142000",""
"1998年7月","00000","全国","125185000",""
"1998年8月","00000","全国","125121000",""
"1998年9月","00000","全国","125186000",""
"1998年10月","00000","全国","125248000",""
"1998年11月","00000","全国","125272000",""
"1998年12月","00000","全国","125332000",""
"1999年1月","00000","全国","125260000",""
"1999年2月","00000","全国","125340000",""
"1999年3月","00000","全国","125261000",""
"1999年4月","00000","全国","125324000",""
"1999年5月","00000","全国","125256000",""
"1999年6月","00000","全国","125378000",""
"1999年7月","00000","全国","125397000",""
"1999年8月","00000","全国","125328000",""
"1999年9月","00000","全国","125384000",""
"1999年10月","00000","全国","125427000",""
"1999年11月","00000","全国","125484000",""
"1999年12月","00000","全国","125517000",""
"2000年1月","00000","全国","125556000",""
"2000年2月","00000","全国","125550000",""
"2000年3月","00000","全国","125467000",""
"2000年4月","00000","全国","125510000",""
"2000年5月","00000","全国","125476000",""
"2000年6月","00000","全国","125535000",""
"2000年7月","00000","全国","125554000",""
"2000年8月","00000","全国","125504000",""
"2000年9月","00000","全国","125546000",""
"2000年10月","00000","全国","125386737","総務省統計局「国勢調査」による。"
"2000年11月","00000","全国","125669000",""
"2000年12月","00000","全国","125689000",""
"2001年1月","00000","全国","125643000",""
"2001年2月","00000","全国","125727000",""
"2001年3月","00000","全国","125651000",""
"2001年4月","00000","全国","125722000",""
"2001年5月","00000","全国","125665000",""
"2001年6月","00000","全国","125751000",""
"2001年7月","00000","全国","125781000",""
"2001年8月","00000","全国","125730000",""
"2001年9月","00000","全国","125766000",""
"2001年10月","00000","全国","125930000",""
"2001年11月","00000","全国","125992000",""
"2001年12月","00000","全国","125993000",""
"2002年1月","00000","全国","125932000",""
"2002年2月","00000","全国","125953000",""
"2002年3月","00000","全国","125898000",""
"2002年4月","00000","全国","125991000",""
"2002年5月","00000","全国","125954000",""
"2002年6月","00000","全国","125998000",""
"2002年7月","00000","全国","126028000",""
"2002年8月","00000","全国","125978000",""
"2002年9月","00000","全国","125995000",""
"2002年10月","00000","全国","126053000",""
"2002年11月","00000","全国","126078000",""
"2002年12月","00000","全国","126114000",""
"2003年1月","00000","全国","126025000",""
"2003年2月","00000","全国","126146000",""
"2003年3月","00000","全国","126043000",""
"2003年4月","00000","全国","126187000",""
"2003年5月","00000","全国","126209000",""
"2003年6月","00000","全国","126251000",""
"2003年7月","00000","全国","126247000",""
"2003年8月","00000","全国","126201000",""
"2003年9月","00000","全国","126181000",""
"2003年10月","00000","全国","126206000",""
"2003年11月","00000","全国","126201000",""
"2003年12月","00000","全国","126240000",""
"2004年1月","00000","全国","126173000",""
"2004年2月","00000","全国","126254000",""
"2004年3月","00000","全国","126191000",""
"2004年4月","00000","全国","126252000",""
"2004年5月","00000","全国","126167000",""
"2004年6月","00000","全国","126250000",""
"2004年7月","00000","全国","126250000",""
"2004年8月","00000","全国","126229000",""
"2004年9月","00000","全国","126230000",""
"2004年10月","00000","全国","126266000",""
"2004年11月","00000","全国","126283000",""
"2004年12月","00000","全国","126299000",""
"2005年1月","00000","全国","126276000",""
"2005年2月","00000","全国","126273000",""
"2005年3月","00000","全国","126204000",""
"2005年4月","00000","全国","126272000",""
"2005年5月","00000","全国","126123000",""
"2005年6月","00000","全国","126220000",""
"2005年7月","00000","全国","126221000",""
"2005年8月","00000","全国","126209000",""
"2005年9月","00000","全国","126192000",""
"2005年10月","00000","全国","125730148","総務省統計局「国勢調査」による。"
"2005年11月","00000","全国","126214000",""
"2005年12月","00000","全国","126214000",""
"2006年1月","00000","全国","126283000",""
"2006年2月","00000","全国","126232000",""
"2006年3月","00000","全国","126209000",""
"2006年4月","00000","全国","126231000",""
"2006年5月","00000","全国","126211000",""
"2006年6月","00000","全国","126223000",""
"2006年7月","00000","全国","126260000",""
"2006年8月","00000","全国","126310000",""
"2006年9月","00000","全国","126275000",""
"2006年10月","00000","全国","126286000",""
"2006年11月","00000","全国","126291000",""
"2006年12月","00000","全国","126294000",""
"2007年1月","00000","全国","126368000",""
"2007年2月","00000","全国","126305000",""
"2007年3月","00000","全国","126306000",""
"2007年4月","00000","全国","126319000",""
"2007年5月","00000","全国","126295000",""
"2007年6月","00000","全国","126301000",""
"2007年7月","00000","全国","126336000",""
"2007年8月","00000","全国","126385000",""
"2007年9月","00000","全国","126341000",""
"2007年10月","00000","全国","126347000",""
"2007年11月","00000","全国","126341000",""
"2007年12月","00000","全国","126340000",""
"2008年1月","00000","全国","126407000",""
"2008年2月","00000","全国","126335000",""
"2008年3月","00000","全国","126315000",""
"2008年4月","00000","全国","126320000",""
"2008年5月","00000","全国","126294000",""
"2008年6月","00000","全国","126298000",""
"2008年7月","00000","全国","126332000",""
"2008年8月","00000","全国","126377000",""
"2008年9月","00000","全国","126327000",""
"2008年10月","00000","全国","126340000",""
"2008年11月","00000","全国","126336000",""
"2008年12月","00000","全国","126332000",""
"2009年1月","00000","全国","126402000",""
"2009年2月","00000","全国","126338000",""
"2009年3月","00000","全国","126312000",""
"2009年4月","00000","全国","126324000",""
"2009年5月","00000","全国","126301000",""
"2009年6月","00000","全国","126303000",""
"2009年7月","00000","全国","126337000",""
"2009年8月","00000","全国","126379000",""
"2009年9月","00000","全国","126331000",""
"2009年10月","00000","全国","126343000",""
"2009年11月","00000","全国","126349000",""
"2009年12月","00000","全国","126350000",""
"2010年1月","00000","全国","126416000",""
"2010年2月","00000","全国","126369000",""
"2010年3月","00000","全国","126360000",""
"2010年4月","00000","全国","126373000",""
"2010年5月","00000","全国","126350000",""
"2010年6月","00000","全国","126349000",""
"2010年7月","00000","全国","126387000",""
"2010年8月","00000","全国","126430000",""
"2010年9月","00000","全国","126380000",""
"2010年10月","00000","全国","125358854","総務省統計局「国勢調査」による。"
"2010年11月","00000","全国","126373000",""
"2010年12月","00000","全国","126362000",""
"2011年1月","00000","全国","126420000",""
"2011年2月","00000","全国","126343000",""
"2011年3月","00000","全国","126300000",""
"2011年4月","00000","全国","126253000",""
"2011年5月","00000","全国","126221000",""
"2011年6月","00000","全国","126207000",""
"2011年7月","00000","全国","126227000",""
"2011年8月","00000","全国","126259000",""
"2011年9月","00000","全国","126213000",""
"2011年10月","00000","全国","126210000",""
"2011年11月","00000","全国","126199000",""
"2011年12月","00000","全国","126184000",""
"2012年1月","00000","全国","126233000",""
"2012年2月","00000","全国","126145000",""
"2012年3月","00000","全国","126103000",""
"2012年4月","00000","全国","126094000",""
"2012年5月","00000","全国","126049000",""
"2012年6月","00000","全国","126038000",""
"2012年7月","00000","全国","126061000",""
"2012年8月","00000","全国","126089000",""
"2012年9月","00000","全国","126030000",""
"2012年10月","00000","全国","126023000",""
"2012年11月","00000","全国","126001000",""
"2012年12月","00000","全国","125979000",""
"2013年1月","00000","全国","126032000",""
"2013年2月","00000","全国","125930000",""
"2013年3月","00000","全国","125892000",""
"2013年4月","00000","全国","125887000",""
"2013年5月","00000","全国","125838000",""
"2013年6月","00000","全国","125825000",""
"2013年7月","00000","全国","125847000",""
"2013年8月","00000","全国","125877000",""
"2013年9月","00000","全国","125811000",""
"2013年10月","00000","全国","125803000",""
"2013年11月","00000","全国","125784000",""
"2013年12月","00000","全国","125761000",""
"2014年1月","00000","全国","125821000",""
"2014年2月","00000","全国","125735000",""
"2014年3月","00000","全国","125675000",""
"2014年4月","00000","全国","125658000",""
"2014年5月","00000","全国","125612000",""
"2014年6月","00000","全国","125600000",""
"2014年7月","00000","全国","125621000",""
"2014年8月","00000","全国","125652000",""
"2014年9月","00000","全国","125573000",""
"2014年10月","00000","全国","125562000",""
"2014年11月","00000","全国","125543000",""
"2014年12月","00000","全国","125517000",""
"2015年1月","00000","全国","125577000",""
"2015年2月","00000","全国","125460000",""
"2015年3月","00000","全国","125428000",""
"2015年4月","00000","全国","125420000",""
"2015年5月","00000","全国","125371000",""
"2015年6月","00000","全国","125360000",""
"2015年7月","00000","全国","125389000",""
"2015年8月","00000","全国","125416000",""
"2015年9月","00000","全国","125336000",""
"2015年10月","00000","全国","124283901","総務省統計局「国勢調査」による。"
"2015年11月","00000","全国","125295000",""
"2015年12月","00000","全国","125275000",""
"2016年1月","00000","全国","125340000",""
"2016年2月","00000","全国","125235000",""
"2016年3月","00000","全国","125193000",""
"2016年4月","00000","全国","125189000",""
"2016年5月","00000","全国","125140000",""
"2016年6月","00000","全国","125125000",""
"2016年7月","00000","全国","125155000",""
"2016年8月","00000","全国","125177000",""
"2016年9月","00000","全国","125091000",""
"2016年10月","00000","全国","125071000",""
"2016年11月","00000","全国","125044000",""
"2016年12月","00000","全国","125013000",""
"2017年1月","00000","全国","125070000",""
"2017年2月","00000","全国","124964000",""
"2017年3月","00000","全国","124900000",""
"2017年4月","00000","全国","124886000",""
"2017年5月","00000","全国","124835000",""
"2017年6月","00000","全国","124821000",""
"2017年7月","00000","全国","124848000",""
"2017年8月","00000","全国","124857000",""
"2017年9月","00000","全国","124770000",""
"2017年10月","00000","全国","124745000",""
"2017年11月","00000","全国","124713000",""
"2017年12月","00000","全国","124678000",""
"2018年1月","00000","全国","124732000",""
"2018年2月","00000","全国","124602000",""
"2018年3月","00000","全国","124547000",""
"2018年4月","00000","全国","124526000",""
"2018年5月","00000","全国","124471000",""
"2018年6月","00000","全国","124450000",""
"2018年7月","00000","全国","124471000",""
"2018年8月","00000","全国","124477000",""
"2018年9月","00000","全国","124387000",""
"2018年10月","00000","全国","124349000",""
"2018年11月","00000","全国","124315000",""
"2018年12月","00000","全国","124279000",""
"2019年1月","00000","全国","124329000",""
"2019年2月","00000","全国","124196000",""
"2019年3月","00000","全国","124133000",""
"2019年4月","00000","全国","124103000",""
"2019年5月","00000","全国","124045000",""
"2019年6月","00000","全国","124020000",""
"2019年7月","00000","全国","124030000",""
"2019年8月","00000","全国","124031000",""
"2019年9月","00000","全国","123928000",""
"2019年10月","00000","全国","123886000",""
"2019年11月","00000","全国","123843000",""
"2019年12月","00000","全国","123800000",""
"2020年1月","00000","全国","123840000",""
"2020年2月","00000","全国","123703000",""
"2020年3月","00000","全国","123610000",""
"2020年4月","00000","全国","123575000",""
"2020年5月","00000","全国","123551000",""
"2020年6月","00000","全国","123521000",""
"2020年7月","00000","全国","123503000",""
"2020年8月","00000","全国","123484000",""
"2020年9月","00000","全国","123437000",""
"2020年10月","00000","全国","121541155","総務省統計局「国勢調査」による。"
"2020年11月","00000","全国","123205000",""
"2020年12月","00000","全国","123155000",""
"2021年1月","00000","全国","123112000",""
"2021年2月","00000","全国","123011000",""
"2021年3月","00000","全国","122948000",""
"2021年4月","00000","全国","122901000",""
"2021年5月","00000","全国","122849000",""
"2021年6月","00000","全国","122803000",""
"2021年7月","00000","全国","122928000",""
"2021年8月","00000","全国","122898000",""
"2021年9月","00000","全国","122834000",""
"2021年10月","00000","全国","122780000",""
"2021年11月","00000","全国","122728000",""
"2021年12月","00000","全国","122674000",""
"2022年1月","00000","全国","122638000",""
"2022年2月","00000","全国","122530000",""
"2022年3月","00000","全国","122444000",""
"2022年4月","00000","全国","122388000",""
"2022年5月","00000","全国","122325000",""
"2022年6月","00000","全国","122272000",""
"2022年7月","00000","全国","122263000",""
"2022年8月","00000","全国","122238000",""
"2022年9月","00000","全国","122104000",""
"2022年10月","00000","全国","122031000",""
"2022年11月","00000","全国","121969000",""
"2022年12月","00000","全国","121901000",""
"2023年1月","00000","全国","121893000",""
"2023年2月","00000","全国","121721000",""
"2023年3月","00000","全国","121631000",""
"2023年4月","00000","全国","121576000",""
"2023年5月","00000","全国","121499000",""
"2023年6月","00000","全国","121448000",""
"2023年7月","00000","全国","121441000",""
"1975年","00000","全国","111251507","総務省統計局「国勢調査」による。"
"1976年","00000","全国","112447000",""
"1977年","00000","全国","113514000",""
"1978年","00000","全国","114534000",""
"1979年","00000","全国","115496000",""
"1980年","00000","全国","116320358","総務省統計局「国勢調査」による。"
"1981年","00000","全国","117222000",""
"1982年","00000","全国","118043000",""
"1983年","00000","全国","118839000",""
"1984年","00000","全国","119593000",""
"1985年","00000","全国","120287484","総務省統計局「国勢調査」による。"
"1986年","00000","全国","120919000",""
"1987年","00000","全国","121482000",""
"1988年","00000","全国","121947000",""
"1989年","00000","全国","122356000",""
"1990年","00000","全国","122398413","総務省統計局「国勢調査」による。"
"1991年","00000","全国","123123000",""
"1992年","00000","全国","123516000",""
"1993年","00000","全国","123847000",""
"1994年","00000","全国","124149000",""
"1995年","00000","全国","124298947","総務省統計局「国勢調査」による。"
"1996年","00000","全国","124708000",""
"1997年","00000","全国","124961000",""
"1998年","00000","全国","125248000",""
"1999年","00000","全国","125427000",""
"2000年","00000","全国","125386737","総務省統計局「国勢調査」による。"
"2001年","00000","全国","125930000",""
"2002年","00000","全国","126053000",""
"2003年","00000","全国","126206000",""
"2004年","00000","全国","126266000",""
"2005年","00000","全国","125730148","総務省統計局「国勢調査」による。"
"2006年","00000","全国","126286000",""
"2007年","00000","全国","126347000",""
"2008年","00000","全国","126340000",""
"2009年","00000","全国","126343000",""
"2010年","00000","全国","125358854","総務省統計局「国勢調査」による。"
"2011年","00000","全国","126210000",""
"2012年","00000","全国","126023000",""
"2013年","00000","全国","125803000",""
"2014年","00000","全国","125562000",""
"2015年","00000","全国","124283901","総務省統計局「国勢調査」による。"
"2016年","00000","全国","125071000",""
"2017年","00000","全国","124745000",""
"2018年","00000","全国","124349000",""
"2019年","00000","全国","123886000",""
"2020年","00000","全国","121541155","総務省統計局「国勢調査」による。"
"2021年","00000","全国","122780000",""
"2022年","00000","全国","122031000",""
"1975年","01000","北海道","5330284",""
"1976年","01000","北海道","5388000",""
"1977年","01000","北海道","5436000",""
"1978年","01000","北海道","5483000",""
"1979年","01000","北海道","5528000",""
"1980年","01000","北海道","5566372",""
"1981年","01000","北海道","5598000",""
"1982年","01000","北海道","5622000",""
"1983年","01000","北海道","5648000",""
"1984年","01000","北海道","5664000",""
"1985年","01000","北海道","5670327",""
"1986年","01000","北海道","5666000",""
"1987年","01000","北海道","5653000",""
"1988年","01000","北海道","5648000",""
"1989年","01000","北海道","5641000",""
"1990年","01000","北海道","5625267",""
"1991年","01000","北海道","5640000",""
"1992年","01000","北海道","5651000",""
"1993年","01000","北海道","5659000",""
"1994年","01000","北海道","5670000",""
"1995年","01000","北海道","5675838",""
"1996年","01000","北海道","5687000",""
"1997年","01000","北海道","5688000",""
"1998年","01000","北海道","5684000",""
"1999年","01000","北海道","5677000",""
"2000年","01000","北海道","5644360",""
"2001年","01000","北海道","5667000",""
"2002年","01000","北海道","5659000",""
"2003年","01000","北海道","5648000",""
"2004年","01000","北海道","5635000",""
"2005年","01000","北海道","5605163",""
"2006年","01000","北海道","5589000",""
"2007年","01000","北海道","5562000",""
"2008年","01000","北海道","5530000",""
"2009年","01000","北海道","5506000",""
"2010年","01000","北海道","5482650",""
"2011年","01000","北海道","5470000",""
"2012年","01000","北海道","5446000",""
"2013年","01000","北海道","5419000",""
"2014年","01000","北海道","5390000",""
"2015年","01000","北海道","5348768",""
"2016年","01000","北海道","5330000",""
"2017年","01000","北海道","5298000",""
"2018年","01000","北海道","5262000",""
"2019年","01000","北海道","5223000",""
"2020年","01000","北海道","5151366",""
"2021年","01000","北海道","5147000",""
"2022年","01000","北海道","5098000",""
"1975年","02000","青森県","1466742",""
"1976年","02000","青森県","1482000",""
"1977年","02000","青森県","1494000",""
"1978年","02000","青森県","1505000",""
"1979年","02000","青森県","1515000",""
"1980年","02000","青森県","1521778",""
"1981年","02000","青森県","1524000",""
"1982年","02000","青森県","1525000",""
"1983年","02000","青森県","1526000",""
"1984年","02000","青森県","1525000",""
"1985年","02000","青森県","1522419",""
"1986年","02000","青森県","1516000",""
"1987年","02000","青森県","1509000",""
"1988年","02000","青森県","1500000",""
"1989年","02000","青森県","1490000",""
"1990年","02000","青森県","1479738",""
"1991年","02000","青森県","1476000",""
"1992年","02000","青森県","1474000",""
"1993年","02000","青森県","1474000",""
"1994年","02000","青森県","1477000",""
"1995年","02000","青森県","1478123",""
"1996年","02000","青森県","1481000",""
"1997年","02000","青森県","1479000",""
"1998年","02000","青森県","1477000",""
"1999年","02000","青森県","1474000",""
"2000年","02000","青森県","1471865",""
"2001年","02000","青森県","1470000",""
"2002年","02000","青森県","1463000",""
"2003年","02000","青森県","1455000",""
"2004年","02000","青森県","1444000",""
"2005年","02000","青森県","1432447",""
"2006年","02000","青森県","1420000",""
"2007年","02000","青森県","1405000",""
"2008年","02000","青森県","1392000",""
"2009年","02000","青森県","1380000",""
"2010年","02000","青森県","1367057",""
"2011年","02000","青森県","1360000",""
"2012年","02000","青森県","1347000",""
"2013年","02000","青森県","1334000",""
"2014年","02000","青森県","1320000",""
"2015年","02000","青森県","1302132",""
"2016年","02000","青森県","1291000",""
"2017年","02000","青森県","1277000",""
"2018年","02000","青森県","1263000",""
"2019年","02000","青森県","1247000",""
"2020年","02000","青森県","1224334",""
"2021年","02000","青森県","1216000",""
"2022年","02000","青森県","1198000",""
"1975年","03000","岩手県","1383931",""
"1976年","03000","岩手県","1394000",""
"1977年","03000","岩手県","1400000",""
"1978年","03000","岩手県","1407000",""
"1979年","03000","岩手県","1414000",""
"1980年","03000","岩手県","1420078",""
"1981年","03000","岩手県","1425000",""
"1982年","03000","岩手県","1428000",""
"1983年","03000","岩手県","1430000",""
"1984年","03000","岩手県","1432000",""
"1985年","03000","岩手県","1431905",""
"1986年","03000","岩手県","1429000",""
"1987年","03000","岩手県","1425000",""
"1988年","03000","岩手県","1422000",""
"1989年","03000","岩手県","1417000",""
"1990年","03000","岩手県","1414707",""
"1991年","03000","岩手県","1414000",""
"1992年","03000","岩手県","1414000",""
"1993年","03000","岩手県","1415000",""
"1994年","03000","岩手県","1416000",""
"1995年","03000","岩手県","1416864",""
"1996年","03000","岩手県","1418000",""
"1997年","03000","岩手県","1417000",""
"1998年","03000","岩手県","1416000",""
"1999年","03000","岩手県","1414000",""
"2000年","03000","岩手県","1411795",""
"2001年","03000","岩手県","1409000",""
"2002年","03000","岩手県","1403000",""
"2003年","03000","岩手県","1396000",""
"2004年","03000","岩手県","1389000",""
"2005年","03000","岩手県","1375421",""
"2006年","03000","岩手県","1370000",""
"2007年","03000","岩手県","1359000",""
"2008年","03000","岩手県","1346000",""
"2009年","03000","岩手県","1335000",""
"2010年","03000","岩手県","1322417",""
"2011年","03000","岩手県","1310000",""
"2012年","03000","岩手県","1302000",""
"2013年","03000","岩手県","1294000",""
"2014年","03000","岩手県","1285000",""
"2015年","03000","岩手県","1272745",""
"2016年","03000","岩手県","1262000",""
"2017年","03000","岩手県","1249000",""
"2018年","03000","岩手県","1234000",""
"2019年","03000","岩手県","1218000",""
"2020年","03000","岩手県","1194745",""
"2021年","03000","岩手県","1189000",""
"2022年","03000","岩手県","1173000",""
"1975年","04000","宮城県","1950790",""
"1976年","04000","宮城県","1980000",""
"1977年","04000","宮城県","2004000",""
"1978年","04000","宮城県","2028000",""
"1979年","04000","宮城県","2055000",""
"1980年","04000","宮城県","2076657",""
"1981年","04000","宮城県","2099000",""
"1982年","04000","宮城県","2121000",""
"1983年","04000","宮城県","2140000",""
"1984年","04000","宮城県","2156000",""
"1985年","04000","宮城県","2170754",""
"1986年","04000","宮城県","2185000",""
"1987年","04000","宮城県","2202000",""
"1988年","04000","宮城県","2216000",""
"1989年","04000","宮城県","2231000",""
"1990年","04000","宮城県","2236097",""
"1991年","04000","宮城県","2261000",""
"1992年","04000","宮城県","2277000",""
"1993年","04000","宮城県","2292000",""
"1994年","04000","宮城県","2305000",""
"1995年","04000","宮城県","2319433",""
"1996年","04000","宮城県","2330000",""
"1997年","04000","宮城県","2340000",""
"1998年","04000","宮城県","2346000",""
"1999年","04000","宮城県","2351000",""
"2000年","04000","宮城県","2354097",""
"2001年","04000","宮城県","2358000",""
"2002年","04000","宮城県","2357000",""
"2003年","04000","宮城県","2357000",""
"2004年","04000","宮城県","2354000",""
"2005年","04000","宮城県","2342577",""
"2006年","04000","宮城県","2346000",""
"2007年","04000","宮城県","2342000",""
"2008年","04000","宮城県","2338000",""
"2009年","04000","宮城県","2336000",""
"2010年","04000","宮城県","2325744",""
"2011年","04000","宮城県","2314000",""
"2012年","04000","宮城県","2319000",""
"2013年","04000","宮城県","2322000",""
"2014年","04000","宮城県","2322000",""
"2015年","04000","宮城県","2291508",""
"2016年","04000","宮城県","2315000",""
"2017年","04000","宮城県","2309000",""
"2018年","04000","宮城県","2301000",""
"2019年","04000","宮城県","2290000",""
"2020年","04000","宮城県","2242701",""
"2021年","04000","宮城県","2269000",""
"2022年","04000","宮城県","2256000",""
"1975年","05000","秋田県","1231389",""
"1976年","05000","秋田県","1238000",""
"1977年","05000","秋田県","1244000",""
"1978年","05000","秋田県","1248000",""
"1979年","05000","秋田県","1253000",""
"1980年","05000","秋田県","1255499",""
"1981年","05000","秋田県","1258000",""
"1982年","05000","秋田県","1257000",""
"1983年","05000","秋田県","1255000",""
"1984年","05000","秋田県","1254000",""
"1985年","05000","秋田県","1252713",""
"1986年","05000","秋田県","1247000",""
"1987年","05000","秋田県","1242000",""
"1988年","05000","秋田県","1237000",""
"1989年","05000","秋田県","1231000",""
"1990年","05000","秋田県","1225634",""
"1991年","05000","秋田県","1221000",""
"1992年","05000","秋田県","1218000",""
"1993年","05000","秋田県","1216000",""
"1994年","05000","秋田県","1214000",""
"1995年","05000","秋田県","1211616",""
"1996年","05000","秋田県","1208000",""
"1997年","05000","秋田県","1203000",""
"1998年","05000","秋田県","1198000",""
"1999年","05000","秋田県","1192000",""
"2000年","05000","秋田県","1186041",""
"2001年","05000","秋田県","1180000",""
"2002年","05000","秋田県","1171000",""
"2003年","05000","秋田県","1162000",""
"2004年","05000","秋田県","1153000",""
"2005年","05000","秋田県","1141353",""
"2006年","05000","秋田県","1131000",""
"2007年","05000","秋田県","1118000",""
"2008年","05000","秋田県","1105000",""
"2009年","05000","秋田県","1093000",""
"2010年","05000","秋田県","1078608",""
"2011年","05000","秋田県","1072000",""
"2012年","05000","秋田県","1060000",""
"2013年","05000","秋田県","1047000",""
"2014年","05000","秋田県","1034000",""
"2015年","05000","秋田県","1017149",""
"2016年","05000","秋田県","1008000",""
"2017年","05000","秋田県","995000",""
"2018年","05000","秋田県","982000",""
"2019年","05000","秋田県","968000",""
"2020年","05000","秋田県","950192",""
"2021年","05000","秋田県","941000",""
"2022年","05000","秋田県","926000",""
"1975年","06000","山形県","1219429",""
"1976年","06000","山形県","1226000",""
"1977年","06000","山形県","1233000",""
"1978年","06000","山形県","1240000",""
"1979年","06000","山形県","1246000",""
"1980年","06000","山形県","1250989",""
"1981年","06000","山形県","1254000",""
"1982年","06000","山形県","1256000",""
"1983年","06000","山形県","1257000",""
"1984年","06000","山形県","1259000",""
"1985年","06000","山形県","1260671",""
"1986年","06000","山形県","1261000",""
"1987年","06000","山形県","1261000",""
"1988年","06000","山形県","1261000",""
"1989年","06000","山形県","1259000",""
"1990年","06000","山形県","1256142",""
"1991年","06000","山形県","1256000",""
"1992年","06000","山形県","1255000",""
"1993年","06000","山形県","1254000",""
"1994年","06000","山形県","1254000",""
"1995年","06000","山形県","1253941",""
"1996年","06000","山形県","1252000",""
"1997年","06000","山形県","1250000",""
"1998年","06000","山形県","1247000",""
"1999年","06000","山形県","1243000",""
"2000年","06000","山形県","1238858",""
"2001年","06000","山形県","1235000",""
"2002年","06000","山形県","1230000",""
"2003年","06000","山形県","1224000",""
"2004年","06000","山形県","1217000",""
"2005年","06000","山形県","1209213",""
"2006年","06000","山形県","1201000",""
"2007年","06000","山形県","1191000",""
"2008年","06000","山形県","1181000",""
"2009年","06000","山形県","1172000",""
"2010年","06000","山形県","1161087",""
"2011年","06000","山形県","1156000",""
"2012年","06000","山形県","1148000",""
"2013年","06000","山形県","1138000",""
"2014年","06000","山形県","1129000",""
"2015年","06000","山形県","1116752",""
"2016年","06000","山形県","1108000",""
"2017年","06000","山形県","1097000",""
"2018年","06000","山形県","1085000",""
"2019年","06000","山形県","1073000",""
"2020年","06000","山形県","1056617",""
"2021年","06000","山形県","1048000",""
"2022年","06000","山形県","1033000",""
"1975年","07000","福島県","1968270",""
"1976年","07000","福島県","1982000",""
"1977年","07000","福島県","1996000",""
"1978年","07000","福島県","2009000",""
"1979年","07000","福島県","2021000",""
"1980年","07000","福島県","2032547",""
"1981年","07000","福島県","2041000",""
"1982年","07000","福島県","2049000",""
"1983年","07000","福島県","2058000",""
"1984年","07000","福島県","2068000",""
"1985年","07000","福島県","2077598",""
"1986年","07000","福島県","2082000",""
"1987年","07000","福島県","2088000",""
"1988年","07000","福島県","2092000",""
"1989年","07000","福島県","2096000",""
"1990年","07000","福島県","2097675",""
"1991年","07000","福島県","2105000",""
"1992年","07000","福島県","2111000",""
"1993年","07000","福島県","2118000",""
"1994年","07000","福島県","2123000",""
"1995年","07000","福島県","2127214",""
"1996年","07000","福島県","2128000",""
"1997年","07000","福島県","2127000",""
"1998年","07000","福島県","2124000",""
"1999年","07000","福島県","2121000",""
"2000年","07000","福島県","2117502",""
"2001年","07000","福島県","2114000",""
"2002年","07000","福島県","2108000",""
"2003年","07000","福島県","2100000",""
"2004年","07000","福島県","2091000",""
"2005年","07000","福島県","2079823",""
"2006年","07000","福島県","2070000",""
"2007年","07000","福島県","2058000",""
"2008年","07000","福島県","2044000",""
"2009年","07000","福島県","2031000",""
"2010年","07000","福島県","2012016",""
"2011年","07000","福島県","1979000",""
"2012年","07000","福島県","1950000",""
"2013年","07000","福島県","1933000",""
"2014年","07000","福島県","1919000",""
"2015年","07000","福島県","1898880",""
"2016年","07000","福島県","1893000",""
"2017年","07000","福島県","1875000",""
"2018年","07000","福島県","1856000",""
"2019年","07000","福島県","1838000",""
"2020年","07000","福島県","1797450",""
"2021年","07000","福島県","1799000",""
"2022年","07000","福島県","1776000",""
"1975年","08000","茨城県","2338151",""
"1976年","08000","茨城県","2376000",""
"1977年","08000","茨城県","2413000",""
"1978年","08000","茨城県","2459000",""
"1979年","08000","茨城県","2506000",""
"1980年","08000","茨城県","2552775",""
"1981年","08000","茨城県","2591000",""
"1982年","08000","茨城県","2630000",""
"1983年","08000","茨城県","2665000",""
"1984年","08000","茨城県","2692000",""
"1985年","08000","茨城県","2718777",""
"1986年","08000","茨城県","2739000",""
"1987年","08000","茨城県","2761000",""
"1988年","08000","茨城県","2786000",""
"1989年","08000","茨城県","2812000",""
"1990年","08000","茨城県","2830581",""
"1991年","08000","茨城県","2858000",""
"1992年","08000","茨城県","2881000",""
"1993年","08000","茨城県","2901000",""
"1994年","08000","茨城県","2918000",""
"1995年","08000","茨城県","2929220",""
"1996年","08000","茨城県","2939000",""
"1997年","08000","茨城県","2945000",""
"1998年","08000","茨城県","2952000",""
"1999年","08000","茨城県","2954000",""
"2000年","08000","茨城県","2953706",""
"2001年","08000","茨城県","2956000",""
"2002年","08000","茨城県","2952000",""
"2003年","08000","茨城県","2950000",""
"2004年","08000","茨城県","2945000",""
"2005年","08000","茨城県","2936043",""
"2006年","08000","茨城県","2936000",""
"2007年","08000","茨城県","2934000",""
"2008年","08000","茨城県","2929000",""
"2009年","08000","茨城県","2929000",""
"2010年","08000","茨城県","2922821",""
"2011年","08000","茨城県","2920000",""
"2012年","08000","茨城県","2910000",""
"2013年","08000","茨城県","2899000",""
"2014年","08000","茨城県","2887000",""
"2015年","08000","茨城県","2862997",""
"2016年","08000","茨城県","2864000",""
"2017年","08000","茨城県","2852000",""
"2018年","08000","茨城県","2836000",""
"2019年","08000","茨城県","2818000",""
"2020年","08000","茨城県","2763432",""
"2021年","08000","茨城県","2785000",""
"2022年","08000","茨城県","2767000",""
"1975年","09000","栃木県","1695848",""
"1976年","09000","栃木県","1715000",""
"1977年","09000","栃木県","1734000",""
"1978年","09000","栃木県","1751000",""
"1979年","09000","栃木県","1773000",""
"1980年","09000","栃木県","1789218",""
"1981年","09000","栃木県","1805000",""
"1982年","09000","栃木県","1819000",""
"1983年","09000","栃木県","1832000",""
"1984年","09000","栃木県","1847000",""
"1985年","09000","栃木県","1862873",""
"1986年","09000","栃木県","1876000",""
"1987年","09000","栃木県","1890000",""
"1988年","09000","栃木県","1901000",""
"1989年","09000","栃木県","1913000",""
"1990年","09000","栃木県","1924545",""
"1991年","09000","栃木県","1937000",""
"1992年","09000","栃木県","1946000",""
"1993年","09000","栃木県","1955000",""
"1994年","09000","栃木県","1961000",""
"1995年","09000","栃木県","1965431",""
"1996年","09000","栃木県","1972000",""
"1997年","09000","栃木県","1976000",""
"1998年","09000","栃木県","1979000",""
"1999年","09000","栃木県","1981000",""
"2000年","09000","栃木県","1982640",""
"2001年","09000","栃木県","1988000",""
"2002年","09000","栃木県","1988000",""
"2003年","09000","栃木県","1989000",""
"2004年","09000","栃木県","1991000",""
"2005年","09000","栃木県","1986332",""
"2006年","09000","栃木県","1990000",""
"2007年","09000","栃木県","1989000",""
"2008年","09000","栃木県","1986000",""
"2009年","09000","栃木県","1983000",""
"2010年","09000","栃木県","1964917",""
"2011年","09000","栃木県","1975000",""
"2012年","09000","栃木県","1968000",""
"2013年","09000","栃木県","1962000",""
"2014年","09000","栃木県","1955000",""
"2015年","09000","栃木県","1927885",""
"2016年","09000","栃木県","1939000",""
"2017年","09000","栃木県","1929000",""
"2018年","09000","栃木県","1918000",""
"2019年","09000","栃木県","1905000",""
"2020年","09000","栃木県","1869256",""
"2021年","09000","栃木県","1880000",""
"2022年","09000","栃木県","1865000",""
"1975年","10000","群馬県","1753436",""
"1976年","10000","群馬県","1775000",""
"1977年","10000","群馬県","1796000",""
"1978年","10000","群馬県","1814000",""
"1979年","10000","群馬県","1829000",""
"1980年","10000","群馬県","1845138",""
"1981年","10000","群馬県","1861000",""
"1982年","10000","群馬県","1876000",""
"1983年","10000","群馬県","1890000",""
"1984年","10000","群馬県","1904000",""
"1985年","10000","群馬県","1917320",""
"1986年","10000","群馬県","1926000",""
"1987年","10000","群馬県","1934000",""
"1988年","10000","群馬県","1941000",""
"1989年","10000","群馬県","1950000",""
"1990年","10000","群馬県","1954565",""
"1991年","10000","群馬県","1962000",""
"1992年","10000","群馬県","1969000",""
"1993年","10000","群馬県","1973000",""
"1994年","10000","群馬県","1977000",""
"1995年","10000","群馬県","1981799",""
"1996年","10000","群馬県","1985000",""
"1997年","10000","群馬県","1987000",""
"1998年","10000","群馬県","1991000",""
"1999年","10000","群馬県","1993000",""
"2000年","10000","群馬県","1991914",""
"2001年","10000","群馬県","1998000",""
"2002年","10000","群馬県","1997000",""
"2003年","10000","群馬県","1997000",""
"2004年","10000","群馬県","1994000",""
"2005年","10000","群馬県","1988229",""
"2006年","10000","群馬県","1987000",""
"2007年","10000","群馬県","1983000",""
"2008年","10000","群馬県","1979000",""
"2009年","10000","群馬県","1976000",""
"2010年","10000","群馬県","1964136",""
"2011年","10000","群馬県","1967000",""
"2012年","10000","群馬県","1961000",""
"2013年","10000","群馬県","1953000",""
"2014年","10000","群馬県","1945000",""
"2015年","10000","群馬県","1930380",""
"2016年","10000","群馬県","1928000",""
"2017年","10000","群馬県","1917000",""
"2018年","10000","群馬県","1906000",""
"2019年","10000","群馬県","1892000",""
"2020年","10000","群馬県","1860213",""
"2021年","10000","群馬県","1866000",""
"2022年","10000","群馬県","1850000",""
"1975年","11000","埼玉県","4809517",""
"1976年","11000","埼玉県","4954000",""
"1977年","11000","埼玉県","5081000",""
"1978年","11000","埼玉県","5198000",""
"1979年","11000","埼玉県","5307000",""
"1980年","11000","埼玉県","5405466",""
"1981年","11000","埼玉県","5508000",""
"1982年","11000","埼玉県","5602000",""
"1983年","11000","埼玉県","5687000",""
"1984年","11000","埼玉県","5770000",""
"1985年","11000","埼玉県","5846205",""
"1986年","11000","埼玉県","5937000",""
"1987年","11000","埼玉県","6051000",""
"1988年","11000","埼玉県","6170000",""
"1989年","11000","埼玉県","6280000",""
"1990年","11000","埼玉県","6356816",""
"1991年","11000","埼玉県","6451000",""
"1992年","11000","埼玉県","6526000",""
"1993年","11000","埼玉県","6596000",""
"1994年","11000","埼玉県","6656000",""
"1995年","11000","埼玉県","6696390",""
"1996年","11000","埼玉県","6749000",""
"1997年","11000","埼玉県","6784000",""
"1998年","11000","埼玉県","6819000",""
"1999年","11000","埼玉県","6846000",""
"2000年","11000","埼玉県","6862821",""
"2001年","11000","埼玉県","6910000",""
"2002年","11000","埼玉県","6929000",""
"2003年","11000","埼玉県","6953000",""
"2004年","11000","埼玉県","6968000",""
"2005年","11000","埼玉県","6955585",""
"2006年","11000","埼玉県","6997000",""
"2007年","11000","埼玉県","7020000",""
"2008年","11000","埼玉県","7044000",""
"2009年","11000","埼玉県","7074000",""
"2010年","11000","埼玉県","7054944",""
"2011年","11000","埼玉県","7119000",""
"2012年","11000","埼玉県","7130000",""
"2013年","11000","埼玉県","7140000",""
"2014年","11000","埼玉県","7151000",""
"2015年","11000","埼玉県","7111168",""
"2016年","11000","埼玉県","7168000",""
"2017年","11000","埼玉県","7171000",""
"2018年","11000","埼玉県","7171000",""
"2019年","11000","埼玉県","7166000",""
"2020年","11000","埼玉県","7055679",""
"2021年","11000","埼玉県","7152000",""
"2022年","11000","埼玉県","7136000",""
"1975年","12000","千葉県","4136216",""
"1976年","12000","千葉県","4256000",""
"1977年","12000","千葉県","4371000",""
"1978年","12000","千葉県","4497000",""
"1979年","12000","千葉県","4614000",""
"1980年","12000","千葉県","4719383",""
"1981年","12000","千葉県","4822000",""
"1982年","12000","千葉県","4910000",""
"1983年","12000","千葉県","4991000",""
"1984年","12000","千葉県","5064000",""
"1985年","12000","千葉県","5131348",""
"1986年","12000","千葉県","5202000",""
"1987年","12000","千葉県","5287000",""
"1988年","12000","千葉県","5381000",""
"1989年","12000","千葉県","5462000",""
"1990年","12000","千葉県","5510822",""
"1991年","12000","千葉県","5586000",""
"1992年","12000","千葉県","5643000",""
"1993年","12000","千葉県","5690000",""
"1994年","12000","千葉県","5723000",""
"1995年","12000","千葉県","5744010",""
"1996年","12000","千葉県","5770000",""
"1997年","12000","千葉県","5789000",""
"1998年","12000","千葉県","5817000",""
"1999年","12000","千葉県","5841000",""
"2000年","12000","千葉県","5857891",""
"2001年","12000","千葉県","5909000",""
"2002年","12000","千葉県","5933000",""
"2003年","12000","千葉県","5961000",""
"2004年","12000","千葉県","5976000",""
"2005年","12000","千葉県","5961175",""
"2006年","12000","千葉県","6010000",""
"2007年","12000","千葉県","6041000",""
"2008年","12000","千葉県","6072000",""
"2009年","12000","千葉県","6104000",""
"2010年","12000","千葉県","6023584",""
"2011年","12000","千葉県","6138000",""
"2012年","12000","千葉県","6125000",""
"2013年","12000","千葉県","6123000",""
"2014年","12000","千葉県","6125000",""
"2015年","12000","千葉県","6047216",""
"2016年","12000","千葉県","6135000",""
"2017年","12000","千葉県","6137000",""
"2018年","12000","千葉県","6136000",""
"2019年","12000","千葉県","6131000",""
"2020年","12000","千葉県","6040814",""
"2021年","12000","千葉県","6114000",""
"2022年","12000","千葉県","6100000",""
"1975年","13000","東京都","11568852",""
"1976年","13000","東京都","11587000",""
"1977年","13000","東京都","11584000",""
"1978年","13000","東京都","11573000",""
"1979年","13000","東京都","11551000",""
"1980年","13000","東京都","11506944",""
"1981年","13000","東京都","11531000",""
"1982年","13000","東京都","11555000",""
"1983年","13000","東京都","11600000",""
"1984年","13000","東京都","11654000",""
"1985年","13000","東京都","11706066",""
"1986年","13000","東京都","11774000",""
"1987年","13000","東京都","11776000",""
"1988年","13000","東京都","11747000",""
"1989年","13000","東京都","11717000",""
"1990年","13000","東京都","11602957",""
"1991年","13000","東京都","11693000",""
"1992年","13000","東京都","11682000",""
"1993年","13000","東京都","11648000",""
"1994年","13000","東京都","11599000",""
"1995年","13000","東京都","11543005",""
"1996年","13000","東京都","11624000",""
"1997年","13000","東京都","11694000",""
"1998年","13000","東京都","11750000",""
"1999年","13000","東京都","11790000",""
"2000年","13000","東京都","11804278",""
"2001年","13000","東京都","11939000",""
"2002年","13000","東京都","12033000",""
"2003年","13000","東京都","12139000",""
"2004年","13000","東京都","12231000",""
"2005年","13000","東京都","12167423",""
"2006年","13000","東京都","12443000",""
"2007年","13000","東京都","12563000",""
"2008年","13000","東京都","12665000",""
"2009年","13000","東京都","12746000",""
"2010年","13000","東京都","12623619",""
"2011年","13000","東京都","12870000",""
"2012年","13000","東京都","12918000",""
"2013年","13000","東京都","12983000",""
"2014年","13000","東京都","13049000",""
"2015年","13000","東京都","12948463",""
"2016年","13000","東京都","13216000",""
"2017年","13000","東京都","13293000",""
"2018年","13000","東京都","13368000",""
"2019年","13000","東京都","13442000",""
"2020年","13000","東京都","13233213",""
"2021年","13000","東京都","13459000",""
"2022年","13000","東京都","13443000",""
"1975年","14000","神奈川県","6359334",""
"1976年","14000","神奈川県","6474000",""
"1977年","14000","神奈川県","6580000",""
"1978年","14000","神奈川県","6693000",""
"1979年","14000","神奈川県","6797000",""
"1980年","14000","神奈川県","6883647",""
"1981年","14000","神奈川県","6987000",""
"1982年","14000","神奈川県","7091000",""
"1983年","14000","神奈川県","7189000",""
"1984年","14000","神奈川県","7289000",""
"1985年","14000","神奈川県","7388546",""
"1986年","14000","神奈川県","7508000",""
"1987年","14000","神奈川県","7635000",""
"1988年","14000","神奈川県","7740000",""
"1989年","14000","神奈川県","7833000",""
"1990年","14000","神奈川県","7893254",""
"1991年","14000","神奈川県","7986000",""
"1992年","14000","神奈川県","8044000",""
"1993年","14000","神奈川県","8090000",""
"1994年","14000","神奈川県","8126000",""
"1995年","14000","神奈川県","8152458",""
"1996年","14000","神奈川県","8191000",""
"1997年","14000","神奈川県","8228000",""
"1998年","14000","神奈川県","8289000",""
"1999年","14000","神奈川県","8337000",""
"2000年","14000","神奈川県","8375978",""
"2001年","14000","神奈川県","8473000",""
"2002年","14000","神奈川県","8528000",""
"2003年","14000","神奈川県","8589000",""
"2004年","14000","神奈川県","8638000",""
"2005年","14000","神奈川県","8637622",""
"2006年","14000","神奈川県","8727000",""
"2007年","14000","神奈川県","8786000",""
"2008年","14000","神奈川県","8833000",""
"2009年","14000","神奈川県","8880000",""
"2010年","14000","神奈川県","8846903",""
"2011年","14000","神奈川県","8934000",""
"2012年","14000","神奈川県","8946000",""
"2013年","14000","神奈川県","8956000",""
"2014年","14000","神奈川県","8967000",""
"2015年","14000","神奈川県","8887304",""
"2016年","14000","神奈川県","8988000",""
"2017年","14000","神奈川県","8994000",""
"2018年","14000","神奈川県","8999000",""
"2019年","14000","神奈川県","9004000",""
"2020年","14000","神奈川県","8876834",""
"2021年","14000","神奈川県","9007000",""
"2022年","14000","神奈川県","8991000",""
"1975年","15000","新潟県","2388992",""
"1976年","15000","新潟県","2403000",""
"1977年","15000","新潟県","2415000",""
"1978年","15000","新潟県","2425000",""
"1979年","15000","新潟県","2436000",""
"1980年","15000","新潟県","2448056",""
"1981年","15000","新潟県","2456000",""
"1982年","15000","新潟県","2462000",""
"1983年","15000","新潟県","2466000",""
"1984年","15000","新潟県","2471000",""
"1985年","15000","新潟県","2475219",""
"1986年","15000","新潟県","2475000",""
"1987年","15000","新潟県","2473000",""
"1988年","15000","新潟県","2473000",""
"1989年","15000","新潟県","2472000",""
"1990年","15000","新潟県","2468517",""
"1991年","15000","新潟県","2470000",""
"1992年","15000","新潟県","2470000",""
"1993年","15000","新潟県","2473000",""
"1994年","15000","新潟県","2477000",""
"1995年","15000","新潟県","2480287",""
"1996年","15000","新潟県","2482000",""
"1997年","15000","新潟県","2481000",""
"1998年","15000","新潟県","2478000",""
"1999年","15000","新潟県","2472000",""
"2000年","15000","新潟県","2463616",""
"2001年","15000","新潟県","2461000",""
"2002年","15000","新潟県","2452000",""
"2003年","15000","新潟県","2444000",""
"2004年","15000","新潟県","2434000",""
"2005年","15000","新潟県","2415049",""
"2006年","15000","新潟県","2409000",""
"2007年","15000","新潟県","2397000",""
"2008年","15000","新潟県","2384000",""
"2009年","15000","新潟県","2373000",""
"2010年","15000","新潟県","2355361",""
"2011年","15000","新潟県","2353000",""
"2012年","15000","新潟県","2339000",""
"2013年","15000","新潟県","2325000",""
"2014年","15000","新潟県","2309000",""
"2015年","15000","新潟県","2289345",""
"2016年","15000","新潟県","2274000",""
"2017年","15000","新潟県","2254000",""
"2018年","15000","新潟県","2232000",""
"2019年","15000","新潟県","2208000",""
"2020年","15000","新潟県","2168416",""
"2021年","15000","新潟県","2161000",""
"2022年","15000","新潟県","2136000",""
"1975年","16000","富山県","1068930",""
"1976年","16000","富山県","1077000",""
"1977年","16000","富山県","1084000",""
"1978年","16000","富山県","1090000",""
"1979年","16000","富山県","1096000",""
"1980年","16000","富山県","1101485",""
"1981年","16000","富山県","1104000",""
"1982年","16000","富山県","1108000",""
"1983年","16000","富山県","1111000",""
"1984年","16000","富山県","1114000",""
"1985年","16000","富山県","1116324",""
"1986年","16000","富山県","1117000",""
"1987年","16000","富山県","1118000",""
"1988年","16000","富山県","1118000",""
"1989年","16000","富山県","1118000",""
"1990年","16000","富山県","1116017",""
"1991年","16000","富山県","1118000",""
"1992年","16000","富山県","1116000",""
"1993年","16000","富山県","1117000",""
"1994年","16000","富山県","1117000",""
"1995年","16000","富山県","1117592",""
"1996年","16000","富山県","1118000",""
"1997年","16000","富山県","1118000",""
"1998年","16000","富山県","1117000",""
"1999年","16000","富山県","1115000",""
"2000年","16000","富山県","1113392",""
"2001年","16000","富山県","1113000",""
"2002年","16000","富山県","1110000",""
"2003年","16000","富山県","1107000",""
"2004年","16000","富山県","1105000",""
"2005年","16000","富山県","1100199",""
"2006年","16000","富山県","1099000",""
"2007年","16000","富山県","1094000",""
"2008年","16000","富山県","1090000",""
"2009年","16000","富山県","1085000",""
"2010年","16000","富山県","1078898",""
"2011年","16000","富山県","1078000",""
"2012年","16000","富山県","1073000",""
"2013年","16000","富山県","1067000",""
"2014年","16000","富山県","1061000",""
"2015年","16000","富山県","1052353",""
"2016年","16000","富山県","1049000",""
"2017年","16000","富山県","1043000",""
"2018年","16000","富山県","1035000",""
"2019年","16000","富山県","1026000",""
"2020年","16000","富山県","1009388",""
"2021年","16000","富山県","1008000",""
"2022年","16000","富山県","998000",""
"1975年","17000","石川県","1066669",""
"1976年","17000","石川県","1079000",""
"1977年","17000","石川県","1088000",""
"1978年","17000","石川県","1097000",""
"1979年","17000","石川県","1107000",""
"1980年","17000","石川県","1115559",""
"1981年","17000","石川県","1124000",""
"1982年","17000","石川県","1131000",""
"1983年","17000","石川県","1138000",""
"1984年","17000","石川県","1144000",""
"1985年","17000","石川県","1148785",""
"1986年","17000","石川県","1152000",""
"1987年","17000","石川県","1154000",""
"1988年","17000","石川県","1156000",""
"1989年","17000","石川県","1159000",""
"1990年","17000","石川県","1158407",""
"1991年","17000","石川県","1163000",""
"1992年","17000","石川県","1166000",""
"1993年","17000","石川県","1169000",""
"1994年","17000","石川県","1171000",""
"1995年","17000","石川県","1175042",""
"1996年","17000","石川県","1176000",""
"1997年","17000","石川県","1176000",""
"1998年","17000","石川県","1176000",""
"1999年","17000","石川県","1175000",""
"2000年","17000","石川県","1170051",""
"2001年","17000","石川県","1175000",""
"2002年","17000","石川県","1173000",""
"2003年","17000","石川県","1172000",""
"2004年","17000","石川県","1170000",""
"2005年","17000","石川県","1165517",""
"2006年","17000","石川県","1165000",""
"2007年","17000","石川県","1163000",""
"2008年","17000","石川県","1162000",""
"2009年","17000","石川県","1160000",""
"2010年","17000","石川県","1154833",""
"2011年","17000","石川県","1157000",""
"2012年","17000","石川県","1155000",""
"2013年","17000","石川県","1151000",""
"2014年","17000","石川県","1148000",""
"2015年","17000","石川県","1138322",""
"2016年","17000","石川県","1141000",""
"2017年","17000","石川県","1137000",""
"2018年","17000","石川県","1131000",""
"2019年","17000","石川県","1124000",""
"2020年","17000","石川県","1102692",""
"2021年","17000","石川県","1111000",""
"2022年","17000","石川県","1102000",""
"1975年","18000","福井県","768867",""
"1976年","18000","福井県","775000",""
"1977年","18000","福井県","779000",""
"1978年","18000","福井県","782000",""
"1979年","18000","福井県","786000",""
"1980年","18000","福井県","789497",""
"1981年","18000","福井県","793000",""
"1982年","18000","福井県","798000",""
"1983年","18000","福井県","804000",""
"1984年","18000","福井県","808000",""
"1985年","18000","福井県","812660",""
"1986年","18000","福井県","815000",""
"1987年","18000","福井県","817000",""
"1988年","18000","福井県","817000",""
"1989年","18000","福井県","818000",""
"1990年","18000","福井県","817978",""
"1991年","18000","福井県","817000",""
"1992年","18000","福井県","817000",""
"1993年","18000","福井県","817000",""
"1994年","18000","福井県","818000",""
"1995年","18000","福井県","819320",""
"1996年","18000","福井県","820000",""
"1997年","18000","福井県","819000",""
"1998年","18000","福井県","820000",""
"1999年","18000","福井県","819000",""
"2000年","18000","福井県","818788",""
"2001年","18000","福井県","819000",""
"2002年","18000","福井県","818000",""
"2003年","18000","福井県","816000",""
"2004年","18000","福井県","814000",""
"2005年","18000","福井県","809301",""
"2006年","18000","福井県","808000",""
"2007年","18000","福井県","805000",""
"2008年","18000","福井県","801000",""
"2009年","18000","福井県","798000",""
"2010年","18000","福井県","791396",""
"2011年","18000","福井県","793000",""
"2012年","18000","福井県","790000",""
"2013年","18000","福井県","786000",""
"2014年","18000","福井県","782000",""
"2015年","18000","福井県","774337",""
"2016年","18000","福井県","773000",""
"2017年","18000","福井県","769000",""
"2018年","18000","福井県","764000",""
"2019年","18000","福井県","758000",""
"2020年","18000","福井県","746068",""
"2021年","18000","福井県","746000",""
"2022年","18000","福井県","738000",""
"1975年","19000","山梨県","781360",""
"1976年","19000","山梨県","786000",""
"1977年","19000","山梨県","791000",""
"1978年","19000","山梨県","794000",""
"1979年","19000","山梨県","798000",""
"1980年","19000","山梨県","802490",""
"1981年","19000","山梨県","807000",""
"1982年","19000","山梨県","812000",""
"1983年","19000","山梨県","818000",""
"1984年","19000","山梨県","824000",""
"1985年","19000","山梨県","831115",""
"1986年","19000","山梨県","836000",""
"1987年","19000","山梨県","839000",""
"1988年","19000","山梨県","843000",""
"1989年","19000","山梨県","846000",""
"1990年","19000","山梨県","849349",""
"1991年","19000","山梨県","856000",""
"1992年","19000","山梨県","860000",""
"1993年","19000","山梨県","864000",""
"1994年","19000","山梨県","870000",""
"1995年","19000","山梨県","873970",""
"1996年","19000","山梨県","876000",""
"1997年","19000","山梨県","876000",""
"1998年","19000","山梨県","877000",""
"1999年","19000","山梨県","877000",""
"2000年","19000","山梨県","876940",""
"2001年","19000","山梨県","878000",""
"2002年","19000","山梨県","877000",""
"2003年","19000","山梨県","875000",""
"2004年","19000","山梨県","873000",""
"2005年","19000","山梨県","870138",""
"2006年","19000","山梨県","867000",""
"2007年","19000","山梨県","863000",""
"2008年","19000","山梨県","857000",""
"2009年","19000","山梨県","854000",""
"2010年","19000","山梨県","848421",""
"2011年","19000","山梨県","846000",""
"2012年","19000","山梨県","841000",""
"2013年","19000","山梨県","836000",""
"2014年","19000","山梨県","830000",""
"2015年","19000","山梨県","819205",""
"2016年","19000","山梨県","819000",""
"2017年","19000","山梨県","813000",""
"2018年","19000","山梨県","807000",""
"2019年","19000","山梨県","800000",""
"2020年","19000","山梨県","786673",""
"2021年","19000","山梨県","789000",""
"2022年","19000","山梨県","784000",""
"1975年","20000","長野県","2012816",""
"1976年","20000","長野県","2028000",""
"1977年","20000","長野県","2043000",""
"1978年","20000","長野県","2057000",""
"1979年","20000","長野県","2069000",""
"1980年","20000","長野県","2078832",""
"1981年","20000","長野県","2088000",""
"1982年","20000","長野県","2097000",""
"1983年","20000","長野県","2107000",""
"1984年","20000","長野県","2119000",""
"1985年","20000","長野県","2131316",""
"1986年","20000","長野県","2137000",""
"1987年","20000","長野県","2141000",""
"1988年","20000","長野県","2142000",""
"1989年","20000","長野県","2145000",""
"1990年","20000","長野県","2147837",""
"1991年","20000","長野県","2151000",""
"1992年","20000","長野県","2156000",""
"1993年","20000","長野県","2160000",""
"1994年","20000","長野県","2166000",""
"1995年","20000","長野県","2173400",""
"1996年","20000","長野県","2177000",""
"1997年","20000","長野県","2179000",""
"1998年","20000","長野県","2180000",""
"1999年","20000","長野県","2181000",""
"2000年","20000","長野県","2180730",""
"2001年","20000","長野県","2185000",""
"2002年","20000","長野県","2180000",""
"2003年","20000","長野県","2176000",""
"2004年","20000","長野県","2171000",""
"2005年","20000","長野県","2159905",""
"2006年","20000","長野県","2155000",""
"2007年","20000","長野県","2147000",""
"2008年","20000","長野県","2138000",""
"2009年","20000","長野県","2129000",""
"2010年","20000","長野県","2119073",""
"2011年","20000","長野県","2115000",""
"2012年","20000","長野県","2107000",""
"2013年","20000","長野県","2095000",""
"2014年","20000","長野県","2084000",""
"2015年","20000","長野県","2067713",""
"2016年","20000","長野県","2063000",""
"2017年","20000","長野県","2052000",""
"2018年","20000","長野県","2040000",""
"2019年","20000","長野県","2026000",""
"2020年","20000","長野県","1997083",""
"2021年","20000","長野県","1999000",""
"2022年","20000","長野県","1984000",""
"1975年","21000","岐阜県","1858066",""
"1976年","21000","岐阜県","1879000",""
"1977年","21000","岐阜県","1899000",""
"1978年","21000","岐阜県","1917000",""
"1979年","21000","岐阜県","1933000",""
"1980年","21000","岐阜県","1949993",""
"1981年","21000","岐阜県","1965000",""
"1982年","21000","岐阜県","1980000",""
"1983年","21000","岐阜県","1994000",""
"1984年","21000","岐阜県","2007000",""
"1985年","21000","岐阜県","2018449",""
"1986年","21000","岐阜県","2026000",""
"1987年","21000","岐阜県","2034000",""
"1988年","21000","岐阜県","2040000",""
"1989年","21000","岐阜県","2047000",""
"1990年","21000","岐阜県","2054248",""
"1991年","21000","岐阜県","2061000",""
"1992年","21000","岐阜県","2067000",""
"1993年","21000","岐阜県","2073000",""
"1994年","21000","岐阜県","2077000",""
"1995年","21000","岐阜県","2081104",""
"1996年","21000","岐阜県","2083000",""
"1997年","21000","岐阜県","2083000",""
"1998年","21000","岐阜県","2083000",""
"1999年","21000","岐阜県","2083000",""
"2000年","21000","岐阜県","2080402",""
"2001年","21000","岐阜県","2081000",""
"2002年","21000","岐阜県","2079000",""
"2003年","21000","岐阜県","2077000",""
"2004年","21000","岐阜県","2074000",""
"2005年","21000","岐阜県","2068759",""
"2006年","21000","岐阜県","2066000",""
"2007年","21000","岐阜県","2061000",""
"2008年","21000","岐阜県","2056000",""
"2009年","21000","岐阜県","2049000",""
"2010年","21000","岐阜県","2037175",""
"2011年","21000","岐阜県","2038000",""
"2012年","21000","岐阜県","2029000",""
"2013年","21000","岐阜県","2018000",""
"2014年","21000","岐阜県","2008000",""
"2015年","21000","岐阜県","1989980",""
"2016年","21000","岐阜県","1985000",""
"2017年","21000","岐阜県","1971000",""
"2018年","21000","岐阜県","1957000",""
"2019年","21000","岐阜県","1941000",""
"2020年","21000","岐阜県","1900727",""
"2021年","21000","岐阜県","1907000",""
"2022年","21000","岐阜県","1888000",""
"1975年","22000","静岡県","3300856",""
"1976年","22000","静岡県","3333000",""
"1977年","22000","静岡県","3360000",""
"1978年","22000","静岡県","3388000",""
"1979年","22000","静岡県","3415000",""
"1980年","22000","静岡県","3438445",""
"1981年","22000","静岡県","3463000",""
"1982年","22000","静岡県","3490000",""
"1983年","22000","静岡県","3514000",""
"1984年","22000","静岡県","3538000",""
"1985年","22000","静岡県","3565549",""
"1986年","22000","静岡県","3586000",""
"1987年","22000","静岡県","3606000",""
"1988年","22000","静岡県","3623000",""
"1989年","22000","静岡県","3639000",""
"1990年","22000","静岡県","3649356",""
"1991年","22000","静岡県","3664000",""
"1992年","22000","静岡県","3675000",""
"1993年","22000","静岡県","3684000",""
"1994年","22000","静岡県","3694000",""
"1995年","22000","静岡県","3699146",""
"1996年","22000","静岡県","3703000",""
"1997年","22000","静岡県","3705000",""
"1998年","22000","静岡県","3709000",""
"1999年","22000","静岡県","3711000",""
"2000年","22000","静岡県","3714423",""
"2001年","22000","静岡県","3722000",""
"2002年","22000","静岡県","3723000",""
"2003年","22000","静岡県","3726000",""
"2004年","22000","静岡県","3725000",""
"2005年","22000","静岡県","3716606",""
"2006年","22000","静岡県","3720000",""
"2007年","22000","静岡県","3719000",""
"2008年","22000","静岡県","3716000",""
"2009年","22000","静岡県","3711000",""
"2010年","22000","静岡県","3688016",""
"2011年","22000","静岡県","3695000",""
"2012年","22000","静岡県","3686000",""
"2013年","22000","静岡県","3672000",""
"2014年","22000","静岡県","3656000",""
"2015年","22000","静岡県","3626991",""
"2016年","22000","静岡県","3625000",""
"2017年","22000","静岡県","3608000",""
"2018年","22000","静岡県","3587000",""
"2019年","22000","静岡県","3564000",""
"2020年","22000","静岡県","3523817",""
"2021年","22000","静岡県","3515000",""
"2022年","22000","静岡県","3484000",""
"1975年","23000","愛知県","5873395",""
"1976年","23000","愛知県","5938000",""
"1977年","23000","愛知県","6001000",""
"1978年","23000","愛知県","6064000",""
"1979年","23000","愛知県","6120000",""
"1980年","23000","愛知県","6167929",""
"1981年","23000","愛知県","6213000",""
"1982年","23000","愛知県","6257000",""
"1983年","23000","愛知県","6301000",""
"1984年","23000","愛知県","6348000",""
"1985年","23000","愛知県","6399208",""
"1986年","23000","愛知県","6457000",""
"1987年","23000","愛知県","6509000",""
"1988年","23000","愛知県","6547000",""
"1989年","23000","愛知県","6587000",""
"1990年","23000","愛知県","6612569",""
"1991年","23000","愛知県","6659000",""
"1992年","23000","愛知県","6696000",""
"1993年","23000","愛知県","6726000",""
"1994年","23000","愛知県","6753000",""
"1995年","23000","愛知県","6769815",""
"1996年","23000","愛知県","6805000",""
"1997年","23000","愛知県","6831000",""
"1998年","23000","愛知県","6868000",""
"1999年","23000","愛知県","6900000",""
"2000年","23000","愛知県","6905838",""
"2001年","23000","愛知県","6973000",""
"2002年","23000","愛知県","7007000",""
"2003年","23000","愛知県","7038000",""
"2004年","23000","愛知県","7070000",""
"2005年","23000","愛知県","7069017",""
"2006年","23000","愛知県","7140000",""
"2007年","23000","愛知県","7180000",""
"2008年","23000","愛知県","7213000",""
"2009年","23000","愛知県","7234000",""
"2010年","23000","愛知県","7174451",""
"2011年","23000","愛知県","7263000",""
"2012年","23000","愛知県","7279000",""
"2013年","23000","愛知県","7293000",""
"2014年","23000","愛知県","7303000",""
"2015年","23000","愛知県","7260847",""
"2016年","23000","愛知県","7321000",""
"2017年","23000","愛知県","7321000",""
"2018年","23000","愛知県","7312000",""
"2019年","23000","愛知県","7301000",""
"2020年","23000","愛知県","7164758",""
"2021年","23000","愛知県","7261000",""
"2022年","23000","愛知県","7228000",""
"1975年","24000","三重県","1618449",""
"1976年","24000","三重県","1630000",""
"1977年","24000","三重県","1642000",""
"1978年","24000","三重県","1653000",""
"1979年","24000","三重県","1664000",""
"1980年","24000","三重県","1678831",""
"1981年","24000","三重県","1694000",""
"1982年","24000","三重県","1708000",""
"1983年","24000","三重県","1720000",""
"1984年","24000","三重県","1728000",""
"1985年","24000","三重県","1738994",""
"1986年","24000","三重県","1748000",""
"1987年","24000","三重県","1756000",""
"1988年","24000","三重県","1763000",""
"1989年","24000","三重県","1772000",""
"1990年","24000","三重県","1781798",""
"1991年","24000","三重県","1792000",""
"1992年","24000","三重県","1801000",""
"1993年","24000","三重県","1808000",""
"1994年","24000","三重県","1817000",""
"1995年","24000","三重県","1824717",""
"1996年","24000","三重県","1829000",""
"1997年","24000","三重県","1831000",""
"1998年","24000","三重県","1833000",""
"1999年","24000","三重県","1833000",""
"2000年","24000","三重県","1832712",""
"2001年","24000","三重県","1836000",""
"2002年","24000","三重県","1834000",""
"2003年","24000","三重県","1834000",""
"2004年","24000","三重県","1835000",""
"2005年","24000","三重県","1830394",""
"2006年","24000","三重県","1832000",""
"2007年","24000","三重県","1833000",""
"2008年","24000","三重県","1830000",""
"2009年","24000","三重県","1826000",""
"2010年","24000","三重県","1812500",""
"2011年","24000","三重県","1817000",""
"2012年","24000","三重県","1811000",""
"2013年","24000","三重県","1803000",""
"2014年","24000","三重県","1795000",""
"2015年","24000","三重県","1776805",""
"2016年","24000","三重県","1775000",""
"2017年","24000","三重県","1762000",""
"2018年","24000","三重県","1749000",""
"2019年","24000","三重県","1734000",""
"2020年","24000","三重県","1698876",""
"2021年","24000","三重県","1705000",""
"2022年","24000","三重県","1689000",""
"1975年","25000","滋賀県","978639",""
"1976年","25000","滋賀県","999000",""
"1977年","25000","滋賀県","1019000",""
"1978年","25000","滋賀県","1036000",""
"1979年","25000","滋賀県","1054000",""
"1980年","25000","滋賀県","1072440",""
"1981年","25000","滋賀県","1089000",""
"1982年","25000","滋賀県","1105000",""
"1983年","25000","滋賀県","1120000",""
"1984年","25000","滋賀県","1133000",""
"1985年","25000","滋賀県","1147818",""
"1986年","25000","滋賀県","1158000",""
"1987年","25000","滋賀県","1170000",""
"1988年","25000","滋賀県","1182000",""
"1989年","25000","滋賀県","1197000",""
"1990年","25000","滋賀県","1211593",""
"1991年","25000","滋賀県","1226000",""
"1992年","25000","滋賀県","1237000",""
"1993年","25000","滋賀県","1248000",""
"1994年","25000","滋賀県","1260000",""
"1995年","25000","滋賀県","1272620",""
"1996年","25000","滋賀県","1283000",""
"1997年","25000","滋賀県","1293000",""
"1998年","25000","滋賀県","1305000",""
"1999年","25000","滋賀県","1315000",""
"2000年","25000","滋賀県","1323469",""
"2001年","25000","滋賀県","1334000",""
"2002年","25000","滋賀県","1341000",""
"2003年","25000","滋賀県","1347000",""
"2004年","25000","滋賀県","1354000",""
"2005年","25000","滋賀県","1356387",""
"2006年","25000","滋賀県","1365000",""
"2007年","25000","滋賀県","1372000",""
"2008年","25000","滋賀県","1379000",""
"2009年","25000","滋賀県","1384000",""
"2010年","25000","滋賀県","1376541",""
"2011年","25000","滋賀県","1393000",""
"2012年","25000","滋賀県","1395000",""
"2013年","25000","滋賀県","1395000",""
"2014年","25000","滋賀県","1395000",""
"2015年","25000","滋賀県","1386795",""
"2016年","25000","滋賀県","1392000",""
"2017年","25000","滋賀県","1390000",""
"2018年","25000","滋賀県","1387000",""
"2019年","25000","滋賀県","1384000",""
"2020年","25000","滋賀県","1359501",""
"2021年","25000","滋賀県","1377000",""
"2022年","25000","滋賀県","1373000",""
"1975年","26000","京都府","2381360",""
"1976年","26000","京都府","2409000",""
"1977年","26000","京都府","2431000",""
"1978年","26000","京都府","2451000",""
"1979年","26000","京都府","2469000",""
"1980年","26000","京都府","2483007",""
"1981年","26000","京都府","2495000",""
"1982年","26000","京都府","2509000",""
"1983年","26000","京都府","2524000",""
"1984年","26000","京都府","2533000",""
"1985年","26000","京都府","2540266",""
"1986年","26000","京都府","2550000",""
"1987年","26000","京都府","2555000",""
"1988年","26000","京都府","2558000",""
"1989年","26000","京都府","2558000",""
"1990年","26000","京都府","2546386",""
"1991年","26000","京都府","2562000",""
"1992年","26000","京都府","2568000",""
"1993年","26000","京都府","2570000",""
"1994年","26000","京都府","2574000",""
"1995年","26000","京都府","2572600",""
"1996年","26000","京都府","2588000",""
"1997年","26000","京都府","2591000",""
"1998年","26000","京都府","2597000",""
"1999年","26000","京都府","2600000",""
"2000年","26000","京都府","2584943",""
"2001年","26000","京都府","2603000",""
"2002年","26000","京都府","2602000",""
"2003年","26000","京都府","2603000",""
"2004年","26000","京都府","2603000",""
"2005年","26000","京都府","2584824",""
"2006年","26000","京都府","2601000",""
"2007年","26000","京都府","2598000",""
"2008年","26000","京都府","2596000",""
"2009年","26000","京都府","2594000",""
"2010年","26000","京都府","2557625",""
"2011年","26000","京都府","2590000",""
"2012年","26000","京都府","2585000",""
"2013年","26000","京都府","2578000",""
"2014年","26000","京都府","2572000",""
"2015年","26000","京都府","2533645",""
"2016年","26000","京都府","2561000",""
"2017年","26000","京都府","2554000",""
"2018年","26000","京都府","2544000",""
"2019年","26000","京都府","2532000",""
"2020年","26000","京都府","2460764",""
"2021年","26000","京都府","2505000",""
"2022年","26000","京都府","2485000",""
"1975年","27000","大阪府","8108360",""
"1976年","27000","大阪府","8164000",""
"1977年","27000","大阪府","8206000",""
"1978年","27000","大阪府","8244000",""
"1979年","27000","大阪府","8277000",""
"1980年","27000","大阪府","8295801",""
"1981年","27000","大阪府","8339000",""
"1982年","27000","大阪府","8373000",""
"1983年","27000","大阪府","8417000",""
"1984年","27000","大阪府","8459000",""
"1985年","27000","大阪府","8487560",""
"1986年","27000","大阪府","8532000",""
"1987年","27000","大阪府","8564000",""
"1988年","27000","大阪府","8574000",""
"1989年","27000","大阪府","8568000",""
"1990年","27000","大阪府","8517977",""
"1991年","27000","大阪府","8568000",""
"1992年","27000","大阪府","8575000",""
"1993年","27000","大阪府","8574000",""
"1994年","27000","大阪府","8574000",""
"1995年","27000","大阪府","8603130",""
"1996年","27000","大阪府","8631000",""
"1997年","27000","大阪府","8633000",""
"1998年","27000","大阪府","8639000",""
"1999年","27000","大阪府","8642000",""
"2000年","27000","大阪府","8618477",""
"2001年","27000","大阪府","8648000",""
"2002年","27000","大阪府","8647000",""
"2003年","27000","大阪府","8648000",""
"2004年","27000","大阪府","8649000",""
"2005年","27000","大阪府","8583267",""
"2006年","27000","大阪府","8654000",""
"2007年","27000","大阪府","8664000",""
"2008年","27000","大阪府","8674000",""
"2009年","27000","大阪府","8685000",""
"2010年","27000","大阪府","8584957",""
"2011年","27000","大阪府","8702000",""
"2012年","27000","大阪府","8703000",""
"2013年","27000","大阪府","8699000",""
"2014年","27000","大阪府","8691000",""
"2015年","27000","大阪府","8524530",""
"2016年","27000","大阪府","8670000",""
"2017年","27000","大阪府","8652000",""
"2018年","27000","大阪府","8632000",""
"2019年","27000","大阪府","8612000",""
"2020年","27000","大阪府","8411856",""
"2021年","27000","大阪府","8565000",""
"2022年","27000","大阪府","8524000",""
"1975年","28000","兵庫県","4918041",""
"1976年","28000","兵庫県","4956000",""
"1977年","28000","兵庫県","4990000",""
"1978年","28000","兵庫県","5019000",""
"1979年","28000","兵庫県","5045000",""
"1980年","28000","兵庫県","5063478",""
"1981年","28000","兵庫県","5096000",""
"1982年","28000","兵庫県","5123000",""
"1983年","28000","兵庫県","5152000",""
"1984年","28000","兵庫県","5176000",""
"1985年","28000","兵庫県","5199755",""
"1986年","28000","兵庫県","5223000",""
"1987年","28000","兵庫県","5243000",""
"1988年","28000","兵庫県","5266000",""
"1989年","28000","兵庫県","5294000",""
"1990年","28000","兵庫県","5307683",""
"1991年","28000","兵庫県","5346000",""
"1992年","28000","兵庫県","5362000",""
"1993年","28000","兵庫県","5374000",""
"1994年","28000","兵庫県","5386000",""
"1995年","28000","兵庫県","5318913",""
"1996年","28000","兵庫県","5343000",""
"1997年","28000","兵庫県","5374000",""
"1998年","28000","兵庫県","5412000",""
"1999年","28000","兵庫県","5445000",""
"2000年","28000","兵庫県","5463684",""
"2001年","28000","兵庫県","5488000",""
"2002年","28000","兵庫県","5495000",""
"2003年","28000","兵庫県","5502000",""
"2004年","28000","兵庫県","5506000",""
"2005年","28000","兵庫県","5483981",""
"2006年","28000","兵庫県","5508000",""
"2007年","28000","兵庫県","5508000",""
"2008年","28000","兵庫県","5509000",""
"2009年","28000","兵庫県","5509000",""
"2010年","28000","兵庫県","5459903",""
"2011年","28000","兵庫県","5506000",""
"2012年","28000","兵庫県","5499000",""
"2013年","28000","兵庫県","5487000",""
"2014年","28000","兵庫県","5473000",""
"2015年","28000","兵庫県","5398880",""
"2016年","28000","兵庫県","5442000",""
"2017年","28000","兵庫県","5425000",""
"2018年","28000","兵庫県","5405000",""
"2019年","28000","兵庫県","5383000",""
"2020年","28000","兵庫県","5215927",""
"2021年","28000","兵庫県","5324000",""
"2022年","28000","兵庫県","5287000",""
"1975年","29000","奈良県","1071894",""
"1976年","29000","奈良県","1093000",""
"1977年","29000","奈良県","1118000",""
"1978年","29000","奈良県","1147000",""
"1979年","29000","奈良県","1175000",""
"1980年","29000","奈良県","1202655",""
"1981年","29000","奈良県","1227000",""
"1982年","29000","奈良県","1248000",""
"1983年","29000","奈良県","1266000",""
"1984年","29000","奈良県","1284000",""
"1985年","29000","奈良県","1298168",""
"1986年","29000","奈良県","1311000",""
"1987年","29000","奈良県","1326000",""
"1988年","29000","奈良県","1341000",""
"1989年","29000","奈良県","1356000",""
"1990年","29000","奈良県","1366549",""
"1991年","29000","奈良県","1381000",""
"1992年","29000","奈良県","1393000",""
"1993年","29000","奈良県","1404000",""
"1994年","29000","奈良県","1412000",""
"1995年","29000","奈良県","1421770",""
"1996年","29000","奈良県","1429000",""
"1997年","29000","奈良県","1433000",""
"1998年","29000","奈良県","1435000",""
"1999年","29000","奈良県","1436000",""
"2000年","29000","奈良県","1432246",""
"2001年","29000","奈良県","1433000",""
"2002年","29000","奈良県","1428000",""
"2003年","29000","奈良県","1425000",""
"2004年","29000","奈良県","1420000",""
"2005年","29000","奈良県","1410518",""
"2006年","29000","奈良県","1408000",""
"2007年","29000","奈良県","1403000",""
"2008年","29000","奈良県","1398000",""
"2009年","29000","奈良県","1395000",""
"2010年","29000","奈良県","1386302",""
"2011年","29000","奈良県","1386000",""
"2012年","29000","奈良県","1379000",""
"2013年","29000","奈良県","1372000",""
"2014年","29000","奈良県","1364000",""
"2015年","29000","奈良県","1351535",""
"2016年","29000","奈良県","1348000",""
"2017年","29000","奈良県","1340000",""
"2018年","29000","奈良県","1331000",""
"2019年","29000","奈良県","1321000",""
"2020年","29000","奈良県","1302289",""
"2021年","29000","奈良県","1302000",""
"2022年","29000","奈良県","1291000",""
"1975年","30000","和歌山県","1067419",""
"1976年","30000","和歌山県","1073000",""
"1977年","30000","和歌山県","1076000",""
"1978年","30000","和歌山県","1079000",""
"1979年","30000","和歌山県","1082000",""
"1980年","30000","和歌山県","1081999",""
"1981年","30000","和歌山県","1084000",""
"1982年","30000","和歌山県","1086000",""
"1983年","30000","和歌山県","1085000",""
"1984年","30000","和歌山県","1084000",""
"1985年","30000","和歌山県","1082589",""
"1986年","30000","和歌山県","1079000",""
"1987年","30000","和歌山県","1075000",""
"1988年","30000","和歌山県","1071000",""
"1989年","30000","和歌山県","1070000",""
"1990年","30000","和歌山県","1069160",""
"1991年","30000","和歌山県","1071000",""
"1992年","30000","和歌山県","1072000",""
"1993年","30000","和歌山県","1073000",""
"1994年","30000","和歌山県","1075000",""
"1995年","30000","和歌山県","1075666",""
"1996年","30000","和歌山県","1075000",""
"1997年","30000","和歌山県","1073000",""
"1998年","30000","和歌山県","1071000",""
"1999年","30000","和歌山県","1069000",""
"2000年","30000","和歌山県","1064817",""
"2001年","30000","和歌山県","1060000",""
"2002年","30000","和歌山県","1054000",""
"2003年","30000","和歌山県","1047000",""
"2004年","30000","和歌山県","1040000",""
"2005年","30000","和歌山県","1029550",""
"2006年","30000","和歌山県","1024000",""
"2007年","30000","和歌山県","1016000",""
"2008年","30000","和歌山県","1009000",""
"2009年","30000","和歌山県","1003000",""
"2010年","30000","和歌山県","992144",""
"2011年","30000","和歌山県","991000",""
"2012年","30000","和歌山県","984000",""
"2013年","30000","和歌山県","976000",""
"2014年","30000","和歌山県","968000",""
"2015年","30000","和歌山県","956199",""
"2016年","30000","和歌山県","951000",""
"2017年","30000","和歌山県","943000",""
"2018年","30000","和歌山県","934000",""
"2019年","30000","和歌山県","925000",""
"2020年","30000","和歌山県","911408",""
"2021年","30000","和歌山県","907000",""
"2022年","30000","和歌山県","896000",""
"1975年","31000","鳥取県","579779",""
"1976年","31000","鳥取県","584000",""
"1977年","31000","鳥取県","589000",""
"1978年","31000","鳥取県","593000",""
"1979年","31000","鳥取県","598000",""
"1980年","31000","鳥取県","602335",""
"1981年","31000","鳥取県","606000",""
"1982年","31000","鳥取県","608000",""
"1983年","31000","鳥取県","610000",""
"1984年","31000","鳥取県","612000",""
"1985年","31000","鳥取県","614202",""
"1986年","31000","鳥取県","614000",""
"1987年","31000","鳥取県","615000",""
"1988年","31000","鳥取県","615000",""
"1989年","31000","鳥取県","614000",""
"1990年","31000","鳥取県","613219",""
"1991年","31000","鳥取県","613000",""
"1992年","31000","鳥取県","612000",""
"1993年","31000","鳥取県","612000",""
"1994年","31000","鳥取県","612000",""
"1995年","31000","鳥取県","612602",""
"1996年","31000","鳥取県","613000",""
"1997年","31000","鳥取県","612000",""
"1998年","31000","鳥取県","612000",""
"1999年","31000","鳥取県","611000",""
"2000年","31000","鳥取県","609428",""
"2001年","31000","鳥取県","610000",""
"2002年","31000","鳥取県","609000",""
"2003年","31000","鳥取県","608000",""
"2004年","31000","鳥取県","606000",""
"2005年","31000","鳥取県","602622",""
"2006年","31000","鳥取県","600000",""
"2007年","31000","鳥取県","596000",""
"2008年","31000","鳥取県","592000",""
"2009年","31000","鳥取県","588000",""
"2010年","31000","鳥取県","582154",""
"2011年","31000","鳥取県","583000",""
"2012年","31000","鳥取県","580000",""
"2013年","31000","鳥取県","576000",""
"2014年","31000","鳥取県","573000",""
"2015年","31000","鳥取県","567993",""
"2016年","31000","鳥取県","566000",""
"2017年","31000","鳥取県","562000",""
"2018年","31000","鳥取県","558000",""
"2019年","31000","鳥取県","553000",""
"2020年","31000","鳥取県","543979",""
"2021年","31000","鳥取県","544000",""
"2022年","31000","鳥取県","539000",""
"1975年","32000","島根県","767357",""
"1976年","32000","島根県","770000",""
"1977年","32000","島根県","774000",""
"1978年","32000","島根県","777000",""
"1979年","32000","島根県","781000",""
"1980年","32000","島根県","783143",""
"1981年","32000","島根県","786000",""
"1982年","32000","島根県","788000",""
"1983年","32000","島根県","789000",""
"1984年","32000","島根県","791000",""
"1985年","32000","島根県","792939",""
"1986年","32000","島根県","791000",""
"1987年","32000","島根県","790000",""
"1988年","32000","島根県","787000",""
"1989年","32000","島根県","783000",""
"1990年","32000","島根県","778496",""
"1991年","32000","島根県","776000",""
"1992年","32000","島根県","773000",""
"1993年","32000","島根県","770000",""
"1994年","32000","島根県","769000",""
"1995年","32000","島根県","768865",""
"1996年","32000","島根県","767000",""
"1997年","32000","島根県","764000",""
"1998年","32000","島根県","762000",""
"1999年","32000","島根県","759000",""
"2000年","32000","島根県","756687",""
"2001年","32000","島根県","755000",""
"2002年","32000","島根県","752000",""
"2003年","32000","島根県","748000",""
"2004年","32000","島根県","743000",""
"2005年","32000","島根県","736652",""
"2006年","32000","島根県","733000",""
"2007年","32000","島根県","727000",""
"2008年","32000","島根県","722000",""
"2009年","32000","島根県","717000",""
"2010年","32000","島根県","708701",""
"2011年","32000","島根県","708000",""
"2012年","32000","島根県","704000",""
"2013年","32000","島根県","699000",""
"2014年","32000","島根県","694000",""
"2015年","32000","島根県","687180",""
"2016年","32000","島根県","685000",""
"2017年","32000","島根県","679000",""
"2018年","32000","島根県","674000",""
"2019年","32000","島根県","668000",""
"2020年","32000","島根県","656197",""
"2021年","32000","島根県","655000",""
"2022年","32000","島根県","648000",""
"1975年","33000","岡山県","1806484",""
"1976年","33000","岡山県","1821000",""
"1977年","33000","岡山県","1832000",""
"1978年","33000","岡山県","1842000",""
"1979年","33000","岡山県","1853000",""
"1980年","33000","岡山県","1862741",""
"1981年","33000","岡山県","1873000",""
"1982年","33000","岡山県","1883000",""
"1983年","33000","岡山県","1893000",""
"1984年","33000","岡山県","1901000",""
"1985年","33000","岡山県","1908444",""
"1986年","33000","岡山県","1913000",""
"1987年","33000","岡山県","1916000",""
"1988年","33000","岡山県","1916000",""
"1989年","33000","岡山県","1917000",""
"1990年","33000","岡山県","1916475",""
"1991年","33000","岡山県","1921000",""
"1992年","33000","岡山県","1925000",""
"1993年","33000","岡山県","1930000",""
"1994年","33000","岡山県","1934000",""
"1995年","33000","岡山県","1937865",""
"1996年","33000","岡山県","1939000",""
"1997年","33000","岡山県","1941000",""
"1998年","33000","岡山県","1941000",""
"1999年","33000","岡山県","1940000",""
"2000年","33000","岡山県","1937571",""
"2001年","33000","岡山県","1941000",""
"2002年","33000","岡山県","1942000",""
"2003年","33000","岡山県","1944000",""
"2004年","33000","岡山県","1944000",""
"2005年","33000","岡山県","1935319",""
"2006年","33000","岡山県","1940000",""
"2007年","33000","岡山県","1938000",""
"2008年","33000","岡山県","1934000",""
"2009年","33000","岡山県","1930000",""
"2010年","33000","岡山県","1912378",""
"2011年","33000","岡山県","1923000",""
"2012年","33000","岡山県","1920000",""
"2013年","33000","岡山県","1915000",""
"2014年","33000","岡山県","1909000",""
"2015年","33000","岡山県","1885691",""
"2016年","33000","岡山県","1897000",""
"2017年","33000","岡山県","1890000",""
"2018年","33000","岡山県","1880000",""
"2019年","33000","岡山県","1869000",""
"2020年","33000","岡山県","1810900",""
"2021年","33000","岡山県","1847000",""
"2022年","33000","岡山県","1832000",""
"1975年","34000","広島県","2630578",""
"1976年","34000","広島県","2655000",""
"1977年","34000","広島県","2674000",""
"1978年","34000","広島県","2688000",""
"1979年","34000","広島県","2701000",""
"1980年","34000","広島県","2722521",""
"1981年","34000","広島県","2745000",""
"1982年","34000","広島県","2761000",""
"1983年","34000","広島県","2777000",""
"1984年","34000","広島県","2791000",""
"1985年","34000","広島県","2802855",""
"1986年","34000","広島県","2813000",""
"1987年","34000","広島県","2819000",""
"1988年","34000","広島県","2823000",""
"1989年","34000","広島県","2826000",""
"1990年","34000","広島県","2826505",""
"1991年","34000","広島県","2839000",""
"1992年","34000","広島県","2847000",""
"1993年","34000","広島県","2852000",""
"1994年","34000","広島県","2856000",""
"1995年","34000","広島県","2858462",""
"1996年","34000","広島県","2862000",""
"1997年","34000","広島県","2861000",""
"1998年","34000","広島県","2862000",""
"1999年","34000","広島県","2859000",""
"2000年","34000","広島県","2853255",""
"2001年","34000","広島県","2856000",""
"2002年","34000","広島県","2854000",""
"2003年","34000","広島県","2854000",""
"2004年","34000","広島県","2852000",""
"2005年","34000","広島県","2835487",""
"2006年","34000","広島県","2845000",""
"2007年","34000","広島県","2842000",""
"2008年","34000","広島県","2836000",""
"2009年","34000","広島県","2831000",""
"2010年","34000","広島県","2795205",""
"2011年","34000","広島県","2827000",""
"2012年","34000","広島県","2824000",""
"2013年","34000","広島県","2818000",""
"2014年","34000","広島県","2814000",""
"2015年","34000","広島県","2795626",""
"2016年","34000","広島県","2800000",""
"2017年","34000","広島県","2790000",""
"2018年","34000","広島県","2777000",""
"2019年","34000","広島県","2762000",""
"2020年","34000","広島県","2713163",""
"2021年","34000","広島県","2729000",""
"2022年","34000","広島県","2708000",""
"1975年","35000","山口県","1541072",""
"1976年","35000","山口県","1550000",""
"1977年","35000","山口県","1559000",""
"1978年","35000","山口県","1565000",""
"1979年","35000","山口県","1569000",""
"1980年","35000","山口県","1572752",""
"1981年","35000","山口県","1578000",""
"1982年","35000","山口県","1584000",""
"1983年","35000","山口県","1586000",""
"1984年","35000","山口県","1587000",""
"1985年","35000","山口県","1587656",""
"1986年","35000","山口県","1584000",""
"1987年","35000","山口県","1579000",""
"1988年","35000","山口県","1574000",""
"1989年","35000","山口県","1568000",""
"1990年","35000","山口県","1557539",""
"1991年","35000","山口県","1554000",""
"1992年","35000","山口県","1550000",""
"1993年","35000","山口県","1547000",""
"1994年","35000","山口県","1545000",""
"1995年","35000","山口県","1542204",""
"1996年","35000","山口県","1538000",""
"1997年","35000","山口県","1533000",""
"1998年","35000","山口県","1528000",""
"1999年","35000","山口県","1522000",""
"2000年","35000","山口県","1514875",""
"2001年","35000","山口県","1511000",""
"2002年","35000","山口県","1504000",""
"2003年","35000","山口県","1498000",""
"2004年","35000","山口県","1490000",""
"2005年","35000","山口県","1478145",""
"2006年","35000","山口県","1472000",""
"2007年","35000","山口県","1463000",""
"2008年","35000","山口県","1454000",""
"2009年","35000","山口県","1447000",""
"2010年","35000","山口県","1436515",""
"2011年","35000","山口県","1432000",""
"2012年","35000","山口県","1423000",""
"2013年","35000","山口県","1413000",""
"2014年","35000","山口県","1404000",""
"2015年","35000","山口県","1390689",""
"2016年","35000","山口県","1381000",""
"2017年","35000","山口県","1369000",""
"2018年","35000","山口県","1355000",""
"2019年","35000","山口県","1340000",""
"2020年","35000","山口県","1313593",""
"2021年","35000","山口県","1312000",""
"2022年","35000","山口県","1297000",""
"1975年","36000","徳島県","804784",""
"1976年","36000","徳島県","809000",""
"1977年","36000","徳島県","813000",""
"1978年","36000","徳島県","817000",""
"1979年","36000","徳島県","822000",""
"1980年","36000","徳島県","824433",""
"1981年","36000","徳島県","827000",""
"1982年","36000","徳島県","829000",""
"1983年","36000","徳島県","831000",""
"1984年","36000","徳島県","833000",""
"1985年","36000","徳島県","834274",""
"1986年","36000","徳島県","834000",""
"1987年","36000","徳島県","835000",""
"1988年","36000","徳島県","834000",""
"1989年","36000","徳島県","832000",""
"1990年","36000","徳島県","829099",""
"1991年","36000","徳島県","830000",""
"1992年","36000","徳島県","829000",""
"1993年","36000","徳島県","830000",""
"1994年","36000","徳島県","829000",""
"1995年","36000","徳島県","830479",""
"1996年","36000","徳島県","830000",""
"1997年","36000","徳島県","828000",""
"1998年","36000","徳島県","827000",""
"1999年","36000","徳島県","825000",""
"2000年","36000","徳島県","820841",""
"2001年","36000","徳島県","819000",""
"2002年","36000","徳島県","817000",""
"2003年","36000","徳島県","814000",""
"2004年","36000","徳島県","810000",""
"2005年","36000","徳島県","805563",""
"2006年","36000","徳島県","801000",""
"2007年","36000","徳島県","796000",""
"2008年","36000","徳島県","791000",""
"2009年","36000","徳島県","786000",""
"2010年","36000","徳島県","776242",""
"2011年","36000","徳島県","776000",""
"2012年","36000","徳島県","771000",""
"2013年","36000","徳島県","765000",""
"2014年","36000","徳島県","759000",""
"2015年","36000","徳島県","747141",""
"2016年","36000","徳島県","746000",""
"2017年","36000","徳島県","739000",""
"2018年","36000","徳島県","731000",""
"2019年","36000","徳島県","722000",""
"2020年","36000","徳島県","693084",""
"2021年","36000","徳島県","706000",""
"2022年","36000","徳島県","698000",""
"1975年","37000","香川県","960233",""
"1976年","37000","香川県","969000",""
"1977年","37000","香川県","978000",""
"1978年","37000","香川県","985000",""
"1979年","37000","香川県","992000",""
"1980年","37000","香川県","998442",""
"1981年","37000","香川県","1004000",""
"1982年","37000","香川県","1008000",""
"1983年","37000","香川県","1013000",""
"1984年","37000","香川県","1017000",""
"1985年","37000","香川県","1021121",""
"1986年","37000","香川県","1022000",""
"1987年","37000","香川県","1023000",""
"1988年","37000","香川県","1023000",""
"1989年","37000","香川県","1022000",""
"1990年","37000","香川県","1020620",""
"1991年","37000","香川県","1021000",""
"1992年","37000","香川県","1022000",""
"1993年","37000","香川県","1022000",""
"1994年","37000","香川県","1023000",""
"1995年","37000","香川県","1023865",""
"1996年","37000","香川県","1024000",""
"1997年","37000","香川県","1023000",""
"1998年","37000","香川県","1022000",""
"1999年","37000","香川県","1020000",""
"2000年","37000","香川県","1017424",""
"2001年","37000","香川県","1017000",""
"2002年","37000","香川県","1014000",""
"2003年","37000","香川県","1013000",""
"2004年","37000","香川県","1010000",""
"2005年","37000","香川県","1004751",""
"2006年","37000","香川県","1003000",""
"2007年","37000","香川県","999000",""
"2008年","37000","香川県","996000",""
"2009年","37000","香川県","992000",""
"2010年","37000","香川県","981113",""
"2011年","37000","香川県","985000",""
"2012年","37000","香川県","982000",""
"2013年","37000","香川県","979000",""
"2014年","37000","香川県","974000",""
"2015年","37000","香川県","961844",""
"2016年","37000","香川県","964000",""
"2017年","37000","香川県","959000",""
"2018年","37000","香川県","953000",""
"2019年","37000","香川県","945000",""
"2020年","37000","香川県","920884",""
"2021年","37000","香川県","930000",""
"2022年","37000","香川県","920000",""
"1975年","38000","愛媛県","1463158",""
"1976年","38000","愛媛県","1474000",""
"1977年","38000","愛媛県","1484000",""
"1978年","38000","愛媛県","1491000",""
"1979年","38000","愛媛県","1498000",""
"1980年","38000","愛媛県","1504298",""
"1981年","38000","愛媛県","1510000",""
"1982年","38000","愛媛県","1515000",""
"1983年","38000","愛媛県","1519000",""
"1984年","38000","愛媛県","1524000",""
"1985年","38000","愛媛県","1527753",""
"1986年","38000","愛媛県","1525000",""
"1987年","38000","愛媛県","1522000",""
"1988年","38000","愛媛県","1519000",""
"1989年","38000","愛媛県","1516000",""
"1990年","38000","愛媛県","1511700",""
"1991年","38000","愛媛県","1510000",""
"1992年","38000","愛媛県","1508000",""
"1993年","38000","愛媛県","1506000",""
"1994年","38000","愛媛県","1505000",""
"1995年","38000","愛媛県","1503411",""
"1996年","38000","愛媛県","1502000",""
"1997年","38000","愛媛県","1500000",""
"1998年","38000","愛媛県","1498000",""
"1999年","38000","愛媛県","1492000",""
"2000年","38000","愛媛県","1488067",""
"2001年","38000","愛媛県","1485000",""
"2002年","38000","愛媛県","1480000",""
"2003年","38000","愛媛県","1475000",""
"2004年","38000","愛媛県","1468000",""
"2005年","38000","愛媛県","1460234",""
"2006年","38000","愛媛県","1453000",""
"2007年","38000","愛媛県","1445000",""
"2008年","38000","愛媛県","1437000",""
"2009年","38000","愛媛県","1430000",""
"2010年","38000","愛媛県","1415381",""
"2011年","38000","愛媛県","1416000",""
"2012年","38000","愛媛県","1408000",""
"2013年","38000","愛媛県","1398000",""
"2014年","38000","愛媛県","1388000",""
"2015年","38000","愛媛県","1365508",""
"2016年","38000","愛媛県","1368000",""
"2017年","38000","愛媛県","1358000",""
"2018年","38000","愛媛県","1347000",""
"2019年","38000","愛媛県","1335000",""
"2020年","38000","愛媛県","1296806",""
"2021年","38000","愛媛県","1309000",""
"2022年","38000","愛媛県","1294000",""
"1975年","39000","高知県","807035",""
"1976年","39000","高知県","813000",""
"1977年","39000","高知県","818000",""
"1978年","39000","高知県","823000",""
"1979年","39000","高知県","828000",""
"1980年","39000","高知県","829609",""
"1981年","39000","高知県","832000",""
"1982年","39000","高知県","835000",""
"1983年","39000","高知県","837000",""
"1984年","39000","高知県","838000",""
"1985年","39000","高知県","837458",""
"1986年","39000","高知県","837000",""
"1987年","39000","高知県","835000",""
"1988年","39000","高知県","832000",""
"1989年","39000","高知県","829000",""
"1990年","39000","高知県","820603",""
"1991年","39000","高知県","821000",""
"1992年","39000","高知県","817000",""
"1993年","39000","高知県","816000",""
"1994年","39000","高知県","815000",""
"1995年","39000","高知県","814302",""
"1996年","39000","高知県","814000",""
"1997年","39000","高知県","814000",""
"1998年","39000","高知県","814000",""
"1999年","39000","高知県","813000",""
"2000年","39000","高知県","810090",""
"2001年","39000","高知県","810000",""
"2002年","39000","高知県","807000",""
"2003年","39000","高知県","803000",""
"2004年","39000","高知県","799000",""
"2005年","39000","高知県","793236",""
"2006年","39000","高知県","787000",""
"2007年","39000","高知県","780000",""
"2008年","39000","高知県","772000",""
"2009年","39000","高知県","766000",""
"2010年","39000","高知県","758057",""
"2011年","39000","高知県","755000",""
"2012年","39000","高知県","748000",""
"2013年","39000","高知県","740000",""
"2014年","39000","高知県","732000",""
"2015年","39000","高知県","722728",""
"2016年","39000","高知県","718000",""
"2017年","39000","高知県","711000",""
"2018年","39000","高知県","703000",""
"2019年","39000","高知県","695000",""
"2020年","39000","高知県","677762",""
"2021年","39000","高知県","680000",""
"2022年","39000","高知県","671000",""
"1975年","40000","福岡県","4266394",""
"1976年","40000","福岡県","4329000",""
"1977年","40000","福岡県","4386000",""
"1978年","40000","福岡県","4435000",""
"1979年","40000","福岡県","4480000",""
"1980年","40000","福岡県","4523770",""
"1981年","40000","福岡県","4568000",""
"1982年","40000","福岡県","4606000",""
"1983年","40000","福岡県","4641000",""
"1984年","40000","福岡県","4671000",""
"1985年","40000","福岡県","4691991",""
"1986年","40000","福岡県","4715000",""
"1987年","40000","福岡県","4731000",""
"1988年","40000","福岡県","4748000",""
"1989年","40000","福岡県","4767000",""
"1990年","40000","福岡県","4769468",""
"1991年","40000","福岡県","4806000",""
"1992年","40000","福岡県","4830000",""
"1993年","40000","福岡県","4856000",""
"1994年","40000","福岡県","4880000",""
"1995年","40000","福岡県","4896451",""
"1996年","40000","福岡県","4925000",""
"1997年","40000","福岡県","4944000",""
"1998年","40000","福岡県","4961000",""
"1999年","40000","福岡県","4973000",""
"2000年","40000","福岡県","4975408",""
"2001年","40000","福岡県","4998000",""
"2002年","40000","福岡県","5005000",""
"2003年","40000","福岡県","5009000",""
"2004年","40000","福岡県","5013000",""
"2005年","40000","福岡県","4987154",""
"2006年","40000","福岡県","5018000",""
"2007年","40000","福岡県","5021000",""
"2008年","40000","福岡県","5021000",""
"2009年","40000","福岡県","5024000",""
"2010年","40000","福岡県","4986581",""
"2011年","40000","福岡県","5040000",""
"2012年","40000","福岡県","5048000",""
"2013年","40000","福岡県","5052000",""
"2014年","40000","福岡県","5053000",""
"2015年","40000","福岡県","4995297",""
"2016年","40000","福岡県","5059000",""
"2017年","40000","福岡県","5061000",""
"2018年","40000","福岡県","5061000",""
"2019年","40000","福岡県","5058000",""
"2020年","40000","福岡県","4923076",""
"2021年","40000","福岡県","5045000",""
"2022年","40000","福岡県","5030000",""
"1975年","41000","佐賀県","836326",""
"1976年","41000","佐賀県","841000",""
"1977年","41000","佐賀県","847000",""
"1978年","41000","佐賀県","852000",""
"1979年","41000","佐賀県","859000",""
"1980年","41000","佐賀県","864052",""
"1981年","41000","佐賀県","868000",""
"1982年","41000","佐賀県","872000",""
"1983年","41000","佐賀県","875000",""
"1984年","41000","佐賀県","877000",""
"1985年","41000","佐賀県","878603",""
"1986年","41000","佐賀県","879000",""
"1987年","41000","佐賀県","879000",""
"1988年","41000","佐賀県","879000",""
"1989年","41000","佐賀県","877000",""
"1990年","41000","佐賀県","875969",""
"1991年","41000","佐賀県","876000",""
"1992年","41000","佐賀県","877000",""
"1993年","41000","佐賀県","878000",""
"1994年","41000","佐賀県","881000",""
"1995年","41000","佐賀県","882320",""
"1996年","41000","佐賀県","882000",""
"1997年","41000","佐賀県","880000",""
"1998年","41000","佐賀県","879000",""
"1999年","41000","佐賀県","876000",""
"2000年","41000","佐賀県","873925",""
"2001年","41000","佐賀県","873000",""
"2002年","41000","佐賀県","871000",""
"2003年","41000","佐賀県","869000",""
"2004年","41000","佐賀県","866000",""
"2005年","41000","佐賀県","862620",""
"2006年","41000","佐賀県","859000",""
"2007年","41000","佐賀県","856000",""
"2008年","41000","佐賀県","853000",""
"2009年","41000","佐賀県","849000",""
"2010年","41000","佐賀県","843877",""
"2011年","41000","佐賀県","844000",""
"2012年","41000","佐賀県","841000",""
"2013年","41000","佐賀県","838000",""
"2014年","41000","佐賀県","834000",""
"2015年","41000","佐賀県","827702",""
"2016年","41000","佐賀県","825000",""
"2017年","41000","佐賀県","820000",""
"2018年","41000","佐賀県","815000",""
"2019年","41000","佐賀県","810000",""
"2020年","41000","佐賀県","796285",""
"2021年","41000","佐賀県","800000",""
"2022年","41000","佐賀県","793000",""
"1975年","42000","長崎県","1568429",""
"1976年","42000","長崎県","1573000",""
"1977年","42000","長崎県","1578000",""
"1978年","42000","長崎県","1583000",""
"1979年","42000","長崎県","1585000",""
"1980年","42000","長崎県","1586916",""
"1981年","42000","長崎県","1591000",""
"1982年","42000","長崎県","1591000",""
"1983年","42000","長崎県","1592000",""
"1984年","42000","長崎県","1592000",""
"1985年","42000","長崎県","1590432",""
"1986年","42000","長崎県","1586000",""
"1987年","42000","長崎県","1580000",""
"1988年","42000","長崎県","1575000",""
"1989年","42000","長崎県","1566000",""
"1990年","42000","長崎県","1557636",""
"1991年","42000","長崎県","1552000",""
"1992年","42000","長崎県","1547000",""
"1993年","42000","長崎県","1545000",""
"1994年","42000","長崎県","1544000",""
"1995年","42000","長崎県","1540498",""
"1996年","42000","長崎県","1537000",""
"1997年","42000","長崎県","1530000",""
"1998年","42000","長崎県","1522000",""
"1999年","42000","長崎県","1516000",""
"2000年","42000","長崎県","1510953",""
"2001年","42000","長崎県","1507000",""
"2002年","42000","長崎県","1500000",""
"2003年","42000","長崎県","1492000",""
"2004年","42000","長崎県","1484000",""
"2005年","42000","長崎県","1472356",""
"2006年","42000","長崎県","1461000",""
"2007年","42000","長崎県","1449000",""
"2008年","42000","長崎県","1437000",""
"2009年","42000","長崎県","1427000",""
"2010年","42000","長崎県","1414600",""
"2011年","42000","長崎県","1412000",""
"2012年","42000","長崎県","1403000",""
"2013年","42000","長崎県","1392000",""
"2014年","42000","長崎県","1381000",""
"2015年","42000","長崎県","1365241",""
"2016年","42000","長崎県","1358000",""
"2017年","42000","長崎県","1346000",""
"2018年","42000","長崎県","1333000",""
"2019年","42000","長崎県","1318000",""
"2020年","42000","長崎県","1296014",""
"2021年","42000","長崎県","1288000",""
"2022年","42000","長崎県","1272000",""
"1975年","43000","熊本県","1713300",""
"1976年","43000","熊本県","1729000",""
"1977年","43000","熊本県","1746000",""
"1978年","43000","熊本県","1761000",""
"1979年","43000","熊本県","1775000",""
"1980年","43000","熊本県","1788076",""
"1981年","43000","熊本県","1800000",""
"1982年","43000","熊本県","1809000",""
"1983年","43000","熊本県","1817000",""
"1984年","43000","熊本県","1828000",""
"1985年","43000","熊本県","1835238",""
"1986年","43000","熊本県","1838000",""
"1987年","43000","熊本県","1840000",""
"1988年","43000","熊本県","1840000",""
"1989年","43000","熊本県","1839000",""
"1990年","43000","熊本県","1835259",""
"1991年","43000","熊本県","1840000",""
"1992年","43000","熊本県","1843000",""
"1993年","43000","熊本県","1846000",""
"1994年","43000","熊本県","1851000",""
"1995年","43000","熊本県","1855087",""
"1996年","43000","熊本県","1858000",""
"1997年","43000","熊本県","1858000",""
"1998年","43000","熊本県","1858000",""
"1999年","43000","熊本県","1857000",""
"2000年","43000","熊本県","1854055",""
"2001年","43000","熊本県","1855000",""
"2002年","43000","熊本県","1852000",""
"2003年","43000","熊本県","1847000",""
"2004年","43000","熊本県","1842000",""
"2005年","43000","熊本県","1833731",""
"2006年","43000","熊本県","1831000",""
"2007年","43000","熊本県","1824000",""
"2008年","43000","熊本県","1819000",""
"2009年","43000","熊本県","1813000",""
"2010年","43000","熊本県","1798586",""
"2011年","43000","熊本県","1805000",""
"2012年","43000","熊本県","1800000",""
"2013年","43000","熊本県","1794000",""
"2014年","43000","熊本県","1787000",""
"2015年","43000","熊本県","1771440",""
"2016年","43000","熊本県","1766000",""
"2017年","43000","熊本県","1756000",""
"2018年","43000","熊本県","1745000",""
"2019年","43000","熊本県","1734000",""
"2020年","43000","熊本県","1705205",""
"2021年","43000","熊本県","1712000",""
"2022年","43000","熊本県","1699000",""
"1975年","44000","大分県","1187299",""
"1976年","44000","大分県","1197000",""
"1977年","44000","大分県","1204000",""
"1978年","44000","大分県","1212000",""
"1979年","44000","大分県","1220000",""
"1980年","44000","大分県","1225548",""
"1981年","44000","大分県","1231000",""
"1982年","44000","大分県","1236000",""
"1983年","44000","大分県","1240000",""
"1984年","44000","大分県","1245000",""
"1985年","44000","大分県","1247086",""
"1986年","44000","大分県","1246000",""
"1987年","44000","大分県","1244000",""
"1988年","44000","大分県","1240000",""
"1989年","44000","大分県","1237000",""
"1990年","44000","大分県","1232046",""
"1991年","44000","大分県","1232000",""
"1992年","44000","大分県","1229000",""
"1993年","44000","大分県","1227000",""
"1994年","44000","大分県","1228000",""
"1995年","44000","大分県","1227269",""
"1996年","44000","大分県","1226000",""
"1997年","44000","大分県","1224000",""
"1998年","44000","大分県","1222000",""
"1999年","44000","大分県","1220000",""
"2000年","44000","大分県","1215044",""
"2001年","44000","大分県","1215000",""
"2002年","44000","大分県","1213000",""
"2003年","44000","大分県","1210000",""
"2004年","44000","大分県","1207000",""
"2005年","44000","大分県","1199347",""
"2006年","44000","大分県","1200000",""
"2007年","44000","大分県","1198000",""
"2008年","44000","大分県","1195000",""
"2009年","44000","大分県","1192000",""
"2010年","44000","大分県","1183206",""
"2011年","44000","大分県","1183000",""
"2012年","44000","大分県","1178000",""
"2013年","44000","大分県","1172000",""
"2014年","44000","大分県","1165000",""
"2015年","44000","大分県","1150436",""
"2016年","44000","大分県","1150000",""
"2017年","44000","大分県","1141000",""
"2018年","44000","大分県","1132000",""
"2019年","44000","大分県","1121000",""
"2020年","44000","大分県","1098735",""
"2021年","44000","大分県","1102000",""
"2022年","44000","大分県","1092000",""
"1975年","45000","宮崎県","1083957",""
"1976年","45000","宮崎県","1099000",""
"1977年","45000","宮崎県","1113000",""
"1978年","45000","宮崎県","1126000",""
"1979年","45000","宮崎県","1139000",""
"1980年","45000","宮崎県","1150321",""
"1981年","45000","宮崎県","1157000",""
"1982年","45000","宮崎県","1164000",""
"1983年","45000","宮崎県","1169000",""
"1984年","45000","宮崎県","1172000",""
"1985年","45000","宮崎県","1174128",""
"1986年","45000","宮崎県","1173000",""
"1987年","45000","宮崎県","1173000",""
"1988年","45000","宮崎県","1172000",""
"1989年","45000","宮崎県","1170000",""
"1990年","45000","宮崎県","1166026",""
"1991年","45000","宮崎県","1165000",""
"1992年","45000","宮崎県","1166000",""
"1993年","45000","宮崎県","1169000",""
"1994年","45000","宮崎県","1172000",""
"1995年","45000","宮崎県","1173631",""
"1996年","45000","宮崎県","1175000",""
"1997年","45000","宮崎県","1173000",""
"1998年","45000","宮崎県","1171000",""
"1999年","45000","宮崎県","1170000",""
"2000年","45000","宮崎県","1167135",""
"2001年","45000","宮崎県","1165000",""
"2002年","45000","宮崎県","1162000",""
"2003年","45000","宮崎県","1159000",""
"2004年","45000","宮崎県","1156000",""
"2005年","45000","宮崎県","1148966",""
"2006年","45000","宮崎県","1146000",""
"2007年","45000","宮崎県","1142000",""
"2008年","45000","宮崎県","1137000",""
"2009年","45000","宮崎県","1134000",""
"2010年","45000","宮崎県","1127597",""
"2011年","45000","宮崎県","1127000",""
"2012年","45000","宮崎県","1121000",""
"2013年","45000","宮崎県","1115000",""
"2014年","45000","宮崎県","1109000",""
"2015年","45000","宮崎県","1096407",""
"2016年","45000","宮崎県","1093000",""
"2017年","45000","宮崎県","1086000",""
"2018年","45000","宮崎県","1078000",""
"2019年","45000","宮崎県","1071000",""
"2020年","45000","宮崎県","1047871",""
"2021年","45000","宮崎県","1054000",""
"2022年","45000","宮崎県","1044000",""
"1975年","46000","鹿児島県","1722732",""
"1976年","46000","鹿児島県","1734000",""
"1977年","46000","鹿児島県","1746000",""
"1978年","46000","鹿児島県","1758000",""
"1979年","46000","鹿児島県","1772000",""
"1980年","46000","鹿児島県","1783351",""
"1981年","46000","鹿児島県","1793000",""
"1982年","46000","鹿児島県","1800000",""
"1983年","46000","鹿児島県","1805000",""
"1984年","46000","鹿児島県","1812000",""
"1985年","46000","鹿児島県","1817746",""
"1986年","46000","鹿児島県","1815000",""
"1987年","46000","鹿児島県","1814000",""
"1988年","46000","鹿児島県","1810000",""
"1989年","46000","鹿児島県","1804000",""
"1990年","46000","鹿児島県","1794217",""
"1991年","46000","鹿児島県","1790000",""
"1992年","46000","鹿児島県","1786000",""
"1993年","46000","鹿児島県","1786000",""
"1994年","46000","鹿児島県","1788000",""
"1995年","46000","鹿児島県","1791419",""
"1996年","46000","鹿児島県","1791000",""
"1997年","46000","鹿児島県","1790000",""
"1998年","46000","鹿児島県","1788000",""
"1999年","46000","鹿児島県","1785000",""
"2000年","46000","鹿児島県","1781732",""
"2001年","46000","鹿児島県","1778000",""
"2002年","46000","鹿児島県","1772000",""
"2003年","46000","鹿児島県","1766000",""
"2004年","46000","鹿児島県","1758000",""
"2005年","46000","鹿児島県","1747898",""
"2006年","46000","鹿児島県","1739000",""
"2007年","46000","鹿児島県","1728000",""
"2008年","46000","鹿児島県","1716000",""
"2009年","46000","鹿児島県","1707000",""
"2010年","46000","鹿児島県","1693314",""
"2011年","46000","鹿児島県","1692000",""
"2012年","46000","鹿児島県","1681000",""
"2013年","46000","鹿児島県","1670000",""
"2014年","46000","鹿児島県","1656000",""
"2015年","46000","鹿児島県","1631662",""
"2016年","46000","鹿児島県","1631000",""
"2017年","46000","鹿児島県","1618000",""
"2018年","46000","鹿児島県","1606000",""
"2019年","46000","鹿児島県","1591000",""
"2020年","46000","鹿児島県","1545763",""
"2021年","46000","鹿児島県","1565000",""
"2022年","46000","鹿児島県","1550000",""
"1975年","47000","沖縄県","1036288",""
"1976年","47000","沖縄県","1053000",""
"1977年","47000","沖縄県","1066000",""
"1978年","47000","沖縄県","1076000",""
"1979年","47000","沖縄県","1089000",""
"1980年","47000","沖縄県","1101062",""
"1981年","47000","沖縄県","1114000",""
"1982年","47000","沖縄県","1127000",""
"1983年","47000","沖縄県","1141000",""
"1984年","47000","沖縄県","1157000",""
"1985年","47000","沖縄県","1174261",""
"1986年","47000","沖縄県","1186000",""
"1987年","47000","沖縄県","1196000",""
"1988年","47000","沖縄県","1204000",""
"1989年","47000","沖縄県","1211000",""
"1990年","47000","沖縄県","1209312",""
"1991年","47000","沖縄県","1225000",""
"1992年","47000","沖縄県","1233000",""
"1993年","47000","沖縄県","1243000",""
"1994年","47000","沖縄県","1256000",""
"1995年","47000","沖縄県","1265783",""
"1996年","47000","沖縄県","1276000",""
"1997年","47000","沖縄県","1283000",""
"1998年","47000","沖縄県","1292000",""
"1999年","47000","沖縄県","1301000",""
"2000年","47000","沖縄県","1301973",""
"2001年","47000","沖縄県","1320000",""
"2002年","47000","沖縄県","1329000",""
"2003年","47000","沖縄県","1338000",""
"2004年","47000","沖縄県","1347000",""
"2005年","47000","沖縄県","1354249",""
"2006年","47000","沖縄県","1362000",""
"2007年","47000","沖縄県","1367000",""
"2008年","47000","沖縄県","1370000",""
"2009年","47000","沖縄県","1377000",""
"2010年","47000","沖縄県","1377248",""
"2011年","47000","沖縄県","1395000",""
"2012年","47000","沖縄県","1403000",""
"2013年","47000","沖縄県","1410000",""
"2014年","47000","沖縄県","1416000",""
"2015年","47000","沖縄県","1410487",""
"2016年","47000","沖縄県","1429000",""
"2017年","47000","沖縄県","1434000",""
"2018年","47000","沖縄県","1438000",""
"2019年","47000","沖縄県","1442000",""
"2020年","47000","沖縄県","1424749",""
"2021年","47000","沖縄県","1449000",""
"2022年","47000","沖縄県","1446000",""
